Freq [GHz],S11_0.5mm,S11_1mm,S11_1.5mm,S11_2mm,S11_2.5mm,S11_3mm,Phase_0.5mm,Phase_1mm,Phase_1.5mm,Phase_2mm,Phase_2.5mm,Phase_3mm
1,-0.000738522,-0.000749877,-0.000741318,-0.000741335,-0.000726866,-0.000740578,-0.033427791,-0.033551863,-0.033356213,-0.033398252,-0.033317013,-0.0334719
1.0475,-0.000778277,-0.000823456,-0.000750088,-0.000698494,-0.000781021,-0.000803261,-0.035018907,-0.03514751,-0.034942739,-0.035016258,-0.034902714,-0.035064485
1.095,-0.000819848,-0.00089966,-0.000760222,-0.000667323,-0.000837566,-0.000868531,-0.036610485,-0.036743453,-0.036529611,-0.036633873,-0.036488857,-0.036657451
1.1425,-0.000863234,-0.000978394,-0.000771804,-0.000646496,-0.000896486,-0.000936347,-0.038202548,-0.038339712,-0.038116853,-0.038251154,-0.038075464,-0.038250818
1.19,-0.000908429,-0.001059561,-0.000784917,-0.000634898,-0.000957764,-0.001006666,-0.039795118,-0.039936307,-0.039704493,-0.039868159,-0.039662557,-0.039844606
1.2375,-0.000955431,-0.001143063,-0.000799641,-0.000631585,-0.001021382,-0.001079442,-0.041388216,-0.041533257,-0.041292555,-0.041484947,-0.041250156,-0.041438834
1.285,-0.001004235,-0.001228802,-0.000816051,-0.000635757,-0.001087322,-0.001154631,-0.042981866,-0.043130585,-0.042881068,-0.043101573,-0.042838283,-0.043033524
1.3325,-0.001054839,-0.001316676,-0.00083422,-0.000646729,-0.001155566,-0.001232184,-0.04457609,-0.044728312,-0.044470058,-0.044718092,-0.044426961,-0.044628696
1.38,-0.001107237,-0.001406584,-0.000854214,-0.000663916,-0.001226094,-0.001312055,-0.04617091,-0.046326461,-0.046059554,-0.046334556,-0.046016211,-0.046224371
1.4275,-0.001161426,-0.001498427,-0.0008761,-0.000686815,-0.001298887,-0.001394192,-0.047766349,-0.047925057,-0.047649584,-0.047951015,-0.047606056,-0.04782057
1.475,-0.001217402,-0.001592103,-0.000899937,-0.000714992,-0.001373924,-0.001478547,-0.04936243,-0.049524122,-0.049240177,-0.049567516,-0.049196518,-0.049417315
1.5225,-0.001275161,-0.00168751,-0.000925782,-0.000748071,-0.001451184,-0.001565067,-0.050959176,-0.051123683,-0.050831362,-0.051184106,-0.05078762,-0.051014629
1.57,-0.001334699,-0.00178455,-0.000953688,-0.000785722,-0.001530645,-0.0016537,-0.05255661,-0.052723765,-0.052423169,-0.052800828,-0.052379384,-0.052612534
1.6175,-0.001396011,-0.001883121,-0.000983704,-0.000827661,-0.001612286,-0.001744393,-0.054154756,-0.054324394,-0.054015627,-0.054417723,-0.053971835,-0.054211052
1.665,-0.001459093,-0.001983126,-0.001015876,-0.000873637,-0.001696084,-0.001837092,-0.055753638,-0.055925599,-0.055608767,-0.056034831,-0.055564994,-0.055810208
1.7125,-0.001523941,-0.002084467,-0.001050245,-0.000923429,-0.001782016,-0.001931743,-0.057353279,-0.057527405,-0.057202618,-0.057652192,-0.057158886,-0.057410024
1.76,-0.001590552,-0.002187049,-0.001086852,-0.000976842,-0.001870058,-0.002028289,-0.058953703,-0.059129844,-0.058797212,-0.05926984,-0.058753535,-0.059010526
1.8075,-0.00165892,-0.002290777,-0.001125731,-0.001033704,-0.001960187,-0.002126675,-0.060554934,-0.060732943,-0.060392579,-0.060887812,-0.060348965,-0.060611738
1.855,-0.001729043,-0.00239556,-0.001166915,-0.001093861,-0.002052378,-0.002226845,-0.062156998,-0.062336734,-0.06198875,-0.062506143,-0.061945199,-0.062213684
1.9025,-0.001800915,-0.002501307,-0.001210435,-0.001157177,-0.002146607,-0.002328742,-0.063759918,-0.063941247,-0.063585755,-0.064124865,-0.063542263,-0.063816391
1.95,-0.001874533,-0.002607933,-0.001256317,-0.001223529,-0.002242847,-0.002432309,-0.06536372,-0.065546513,-0.065183627,-0.06574401,-0.065140182,-0.065419884
1.9975,-0.001949892,-0.00271535,-0.001304586,-0.001292808,-0.002341074,-0.00253749,-0.066968429,-0.067152566,-0.066782395,-0.067363611,-0.06673898,-0.067024189
2.045,-0.00202699,-0.002823479,-0.001355265,-0.001364915,-0.002441261,-0.002644226,-0.068574069,-0.068759438,-0.068382092,-0.068983697,-0.068338683,-0.068629335
2.0925,-0.002105822,-0.00293224,-0.001408373,-0.001439761,-0.002543382,-0.002752461,-0.070180668,-0.070367163,-0.069982748,-0.070604298,-0.069939317,-0.070235347
2.14,-0.002186384,-0.003041558,-0.00146393,-0.001517265,-0.00264741,-0.002862137,-0.071788249,-0.071975774,-0.071584396,-0.072225445,-0.071540908,-0.071842255
2.1875,-0.002268674,-0.00315136,-0.001521952,-0.001597356,-0.002753319,-0.002973197,-0.073396841,-0.073585309,-0.073187066,-0.073847165,-0.073143483,-0.073450087
2.235,-0.002352687,-0.003261578,-0.001582454,-0.001679965,-0.00286108,-0.003085585,-0.075006468,-0.075195801,-0.074790792,-0.075469487,-0.074747068,-0.075058871
2.2825,-0.002438421,-0.003372147,-0.00164545,-0.001765034,-0.002970668,-0.003199245,-0.076617158,-0.076807287,-0.076395603,-0.07709244,-0.076351689,-0.076668637
2.33,-0.002525872,-0.003483005,-0.001710951,-0.001852507,-0.003082052,-0.003314119,-0.078228938,-0.078419805,-0.078001534,-0.07871605,-0.077957376,-0.078279416
2.3775,-0.002615039,-0.003594097,-0.001778968,-0.001942333,-0.003195207,-0.003430154,-0.079841835,-0.080033391,-0.079608614,-0.080340345,-0.079564154,-0.079891238
2.425,-0.002705917,-0.003705369,-0.001849513,-0.002034468,-0.003310102,-0.003547294,-0.081455877,-0.081648084,-0.081216878,-0.081965352,-0.081172053,-0.081504134
2.4725,-0.002798506,-0.003816772,-0.001922593,-0.002128868,-0.00342671,-0.003665485,-0.08307109,-0.083263923,-0.082826356,-0.083591099,-0.082781101,-0.083118136
2.52,-0.002892802,-0.003928263,-0.001998218,-0.002225495,-0.003545003,-0.003784675,-0.084687505,-0.084880946,-0.084437081,-0.085217612,-0.084391327,-0.084733276
2.5675,-0.002988805,-0.0040398,-0.002076395,-0.002324314,-0.00366495,-0.003904812,-0.086305148,-0.086499195,-0.086049087,-0.086844917,-0.08600276,-0.086349587
2.615,-0.003086512,-0.00415135,-0.002157131,-0.002425292,-0.003786524,-0.004025844,-0.08792405,-0.088118708,-0.087662405,-0.088473042,-0.08761543,-0.087967104
2.6625,-0.003185922,-0.004262881,-0.002240433,-0.002528399,-0.003909696,-0.004147723,-0.089544239,-0.089739527,-0.089277068,-0.090102012,-0.089229366,-0.089585859
2.71,-0.003287035,-0.004374368,-0.002326308,-0.002633609,-0.004034436,-0.004270399,-0.091165744,-0.091361693,-0.09089311,-0.091731856,-0.0908446,-0.091205888
2.7575,-0.003389851,-0.004485789,-0.002414761,-0.002740896,-0.004160714,-0.004393827,-0.092788596,-0.092985249,-0.092510564,-0.093362598,-0.092461163,-0.092827227
2.805,-0.003494368,-0.004597128,-0.0025058,-0.002850237,-0.004288503,-0.00451796,-0.094412825,-0.094610236,-0.094129463,-0.094994266,-0.094079084,-0.09444991
2.8525,-0.003600588,-0.004708373,-0.00259943,-0.002961613,-0.004417772,-0.004642755,-0.096038462,-0.096236698,-0.095749841,-0.096626887,-0.095698398,-0.096073976
2.9,-0.003708511,-0.004819519,-0.002695658,-0.003075003,-0.004548492,-0.00476817,-0.097665537,-0.097864677,-0.097371731,-0.098260487,-0.097319135,-0.097699461
2.9475,-0.003818138,-0.004930563,-0.00279449,-0.003190391,-0.004680635,-0.004894167,-0.099294083,-0.099494218,-0.098995168,-0.099895094,-0.098941329,-0.099326403
2.995,-0.003929472,-0.005041509,-0.002895931,-0.003307763,-0.00481417,-0.005020705,-0.10092413,-0.101125364,-0.100620186,-0.101530734,-0.100565013,-0.100954841
3.0425,-0.004042515,-0.005152365,-0.00299999,-0.003427103,-0.004949069,-0.005147751,-0.102555712,-0.10275816,-0.10224682,-0.103167435,-0.10219022,-0.102584814
3.09,-0.004157269,-0.005263145,-0.003106673,-0.003548401,-0.005085303,-0.00527527,-0.10418886,-0.104392652,-0.103875104,-0.104805223,-0.103816985,-0.104216363
3.1375,-0.004273738,-0.005373867,-0.003215987,-0.003671646,-0.005222842,-0.005403232,-0.105823609,-0.106028884,-0.105505074,-0.106444128,-0.105445343,-0.105849527
3.185,-0.004391926,-0.005484555,-0.003327941,-0.003796829,-0.005361658,-0.005531609,-0.107459991,-0.107666903,-0.107136765,-0.108084176,-0.107075329,-0.107484349
3.2325,-0.004511838,-0.005595238,-0.003442543,-0.003923944,-0.005501721,-0.005660374,-0.109098042,-0.109306754,-0.108770213,-0.109725395,-0.108706979,-0.10912087
3.28,-0.00463348,-0.005705948,-0.003559801,-0.004052984,-0.005643004,-0.005789504,-0.110737794,-0.110948484,-0.110405454,-0.111367814,-0.110340329,-0.110759133
3.3275,-0.004756857,-0.005816726,-0.003679727,-0.004183945,-0.005785477,-0.005918981,-0.112379284,-0.112592141,-0.112042525,-0.113011462,-0.111975416,-0.112399182
3.375,-0.004881976,-0.005927613,-0.003802328,-0.004316824,-0.005929112,-0.006048786,-0.114022547,-0.114237771,-0.113681462,-0.114656367,-0.113612278,-0.114041061
3.4225,-0.005008846,-0.00603866,-0.003927618,-0.00445162,-0.006073882,-0.006178906,-0.115667619,-0.115885422,-0.115322303,-0.116302558,-0.115250952,-0.115684816
3.47,-0.005137474,-0.006149919,-0.004055606,-0.004588333,-0.006219757,-0.006309331,-0.117314536,-0.117535142,-0.116965085,-0.117950064,-0.116891479,-0.11733049
3.5175,-0.00526787,-0.00626145,-0.004186307,-0.004726965,-0.006366709,-0.006440054,-0.118963336,-0.119186979,-0.118609846,-0.119598916,-0.118533896,-0.118978132
3.565,-0.005400044,-0.006373315,-0.004319732,-0.004867519,-0.006514711,-0.006571071,-0.120614057,-0.120840983,-0.120256625,-0.121249144,-0.120178245,-0.120627789
3.6125,-0.005534008,-0.006485584,-0.004455897,-0.005009999,-0.006663735,-0.006702384,-0.122266736,-0.122497202,-0.121905462,-0.122900776,-0.121824565,-0.122279508
3.66,-0.005669774,-0.006598329,-0.004594816,-0.005154412,-0.006813753,-0.006833995,-0.123921412,-0.124155686,-0.123556394,-0.124553846,-0.123472899,-0.123933338
3.7075,-0.005807355,-0.006711629,-0.004736506,-0.005300765,-0.006964738,-0.006965914,-0.125578125,-0.125816484,-0.125209462,-0.126208382,-0.125123287,-0.125589329
3.755,-0.005946766,-0.006825567,-0.004880983,-0.005449067,-0.007116661,-0.007098153,-0.127236914,-0.127479646,-0.126864708,-0.127864417,-0.126775773,-0.127247532
3.8025,-0.006088021,-0.00694023,-0.005028266,-0.00559933,-0.007269496,-0.00723073,-0.128897821,-0.129145224,-0.128522171,-0.129521983,-0.128430401,-0.128907997
3.85,-0.006231139,-0.007055711,-0.005178373,-0.005751566,-0.007423214,-0.007363664,-0.130560887,-0.130813267,-0.130181892,-0.131181112,-0.130087213,-0.130570776
3.8975,-0.006376135,-0.007172108,-0.005331326,-0.00590579,-0.007577787,-0.007496983,-0.132226153,-0.132483827,-0.131843916,-0.132841836,-0.131746256,-0.132235923
3.945,-0.006523031,-0.007289522,-0.005487146,-0.006062016,-0.007733189,-0.007630717,-0.133893662,-0.134156956,-0.133508283,-0.134504188,-0.133407574,-0.133903491
3.9925,-0.006671846,-0.007408059,-0.005645856,-0.006220263,-0.007889389,-0.007764902,-0.135563458,-0.135832706,-0.135175037,-0.136168201,-0.135071215,-0.135573534
4.04,-0.006822602,-0.007527832,-0.005807479,-0.006380551,-0.00804636,-0.007899578,-0.137235584,-0.137511128,-0.136844222,-0.13783391,-0.136737224,-0.137246108
4.0875,-0.006975323,-0.007648955,-0.005972042,-0.006542901,-0.008204072,-0.008034791,-0.138910085,-0.139192275,-0.138515883,-0.139501349,-0.138405651,-0.13892127
4.135,-0.007130032,-0.007771549,-0.00613957,-0.006707335,-0.008362496,-0.008170594,-0.140587006,-0.140876201,-0.140190065,-0.141170552,-0.140076543,-0.140599076
4.1825,-0.007286758,-0.007895739,-0.006310093,-0.00687388,-0.008521601,-0.008307042,-0.142266394,-0.142562959,-0.141866814,-0.142841555,-0.141749951,-0.142279585
4.23,-0.007445527,-0.008021655,-0.00648364,-0.007042562,-0.008681355,-0.008444199,-0.143948296,-0.144252602,-0.143546177,-0.144514393,-0.143425925,-0.143962855
4.2775,-0.007606369,-0.00814943,-0.006660242,-0.007213411,-0.008841726,-0.008582133,-0.14563276,-0.145945186,-0.1452282,-0.146189102,-0.145104515,-0.145648947
4.325,-0.007769315,-0.008279203,-0.006839933,-0.007386458,-0.009002679,-0.00872092,-0.147319834,-0.147640765,-0.146912933,-0.147865719,-0.146785775,-0.147337921
4.3725,-0.0079344,-0.008411116,-0.007022746,-0.007561737,-0.009164179,-0.00886064,-0.149009567,-0.149339394,-0.148600424,-0.149544282,-0.148469756,-0.149029839
4.42,-0.008101656,-0.008545318,-0.007208718,-0.007739283,-0.009326188,-0.009001382,-0.150702011,-0.151041129,-0.150290724,-0.151224826,-0.150156513,-0.150724764
4.4675,-0.008271123,-0.008681961,-0.007397887,-0.007919136,-0.009488666,-0.009143239,-0.152397215,-0.152746027,-0.151983882,-0.152907391,-0.151846101,-0.152422761
4.515,-0.008442838,-0.008821199,-0.007590292,-0.008101334,-0.009651569,-0.009286314,-0.154095234,-0.154454143,-0.153679951,-0.154592016,-0.153538575,-0.154123893
4.5625,-0.008616842,-0.008963196,-0.007785976,-0.008285922,-0.009814852,-0.009430714,-0.155796118,-0.156165536,-0.155378983,-0.156278739,-0.155233992,-0.155828228
4.61,-0.008793178,-0.009108116,-0.007984983,-0.008472945,-0.009978465,-0.009576556,-0.157499924,-0.157880264,-0.157081032,-0.1579676,-0.156932408,-0.157535831
4.6575,-0.008971893,-0.009256129,-0.008187357,-0.00866245,-0.010142352,-0.009723964,-0.159206705,-0.159598385,-0.158786152,-0.159658639,-0.158633882,-0.159246772
4.705,-0.009153033,-0.00940741,-0.008393148,-0.008854489,-0.010306456,-0.00987307,-0.160916518,-0.161319957,-0.160494399,-0.161351898,-0.160338474,-0.16096112
4.7525,-0.009336648,-0.009562139,-0.008602405,-0.009049115,-0.01047071,-0.010024013,-0.162629421,-0.163045042,-0.162205829,-0.163047417,-0.162046242,-0.162678945
4.8,-0.00952279,-0.0097205,-0.00881518,-0.009246384,-0.010635043,-0.010176943,-0.16434547,-0.1647737,-0.1639205,-0.164745238,-0.163757249,-0.164400319
4.8475,-0.009711516,-0.009882682,-0.009031529,-0.009446356,-0.010799374,-0.010332016,-0.166064727,-0.166505992,-0.165638472,-0.166445405,-0.165471554,-0.166125315
4.895,-0.009902881,-0.010048879,-0.009251509,-0.009649092,-0.010963615,-0.010489399,-0.167787251,-0.168241979,-0.167359803,-0.16814796,-0.167189221,-0.167854008
4.9425,-0.010096946,-0.01021929,-0.00947518,-0.009854659,-0.011127667,-0.010649269,-0.169513104,-0.169981726,-0.169084557,-0.169852947,-0.168910311,-0.169586472
4.99,-0.010293775,-0.01039412,-0.009702604,-0.010063124,-0.011291419,-0.010811813,-0.171242349,-0.171725296,-0.170812794,-0.171560409,-0.170634888,-0.171322786
5.0375,-0.010493432,-0.010573578,-0.009933847,-0.010274559,-0.011454745,-0.010977227,-0.172975051,-0.173472753,-0.17254458,-0.173270394,-0.172363015,-0.173063028
5.085,-0.010695986,-0.010757879,-0.010168977,-0.010489039,-0.011617508,-0.01114572,-0.174711276,-0.175224163,-0.17427998,-0.174982945,-0.174094757,-0.174807278
5.1325,-0.01090151,-0.010947245,-0.010408065,-0.010706642,-0.011779548,-0.011317511,-0.176451089,-0.176979593,-0.176019061,-0.176698109,-0.175830175,-0.176555618
5.18,-0.011110077,-0.011141903,-0.010651187,-0.010927451,-0.011940688,-0.011492832,-0.17819456,-0.178739111,-0.17776189,-0.178415933,-0.177569335,-0.17830813
5.2275,-0.011321766,-0.011342084,-0.010898418,-0.011151551,-0.012100728,-0.01167193,-0.179941759,-0.180502785,-0.179508539,-0.180136464,-0.179312297,-0.180064901
5.275,-0.011536657,-0.011548031,-0.011149842,-0.011379031,-0.01225944,-0.011855061,-0.181692757,-0.182270685,-0.181259079,-0.181859752,-0.181059123,-0.181826016
5.3225,-0.011754836,-0.011759988,-0.011405541,-0.011609985,-0.01241657,-0.0120425,-0.183447626,-0.184042884,-0.183013583,-0.183585844,-0.182809872,-0.183591564
5.37,-0.01197639,-0.011978209,-0.011665605,-0.011844509,-0.012571829,-0.012234537,-0.185206442,-0.185819452,-0.184772126,-0.18531479,-0.184564601,-0.185361637
5.4175,-0.01220141,-0.012202957,-0.011930125,-0.012082706,-0.01272489,-0.012431475,-0.186969281,-0.187600465,-0.186534787,-0.187046641,-0.186323364,-0.187136327
5.465,-0.012429991,-0.012434501,-0.012199197,-0.012324679,-0.012875388,-0.012633639,-0.18873622,-0.189385998,-0.188301643,-0.188781448,-0.188086208,-0.188915729
5.5125,-0.012662232,-0.012673119,-0.012472923,-0.012570538,-0.013022911,-0.012841373,-0.19050734,-0.191176128,-0.190072777,-0.190519262,-0.189853176,-0.190699939
5.56,-0.012898234,-0.012919099,-0.012751405,-0.012820398,-0.013167,-0.01305504,-0.192282723,-0.192970933,-0.191848272,-0.192260136,-0.191624303,-0.192489059
5.6075,-0.013138104,-0.013172738,-0.013034754,-0.013074377,-0.013307143,-0.013275026,-0.194062451,-0.194770494,-0.193628214,-0.194004123,-0.193399613,-0.194283189
5.655,-0.013381952,-0.013434347,-0.013323083,-0.013332598,-0.013442778,-0.013501744,-0.195846611,-0.196574894,-0.195412691,-0.195751276,-0.195179115,-0.196082435
5.7025,-0.01362989,-0.013704244,-0.013616511,-0.013595188,-0.01357329,-0.013735633,-0.197635291,-0.198384215,-0.197201794,-0.197501652,-0.196962804,-0.197886904
5.75,-0.013882035,-0.013982763,-0.013915162,-0.01386228,-0.013698022,-0.013977162,-0.19942858,-0.200198545,-0.198995616,-0.199255304,-0.198750651,-0.199696708
5.7975,-0.01413851,-0.014270252,-0.014219164,-0.014134013,-0.013816286,-0.014226834,-0.20122657,-0.202017971,-0.200794256,-0.201012289,-0.2005426,-0.20151196
5.845,-0.014399438,-0.014567073,-0.014528653,-0.014410528,-0.013927388,-0.014485188,-0.203029357,-0.203842584,-0.202597811,-0.202772665,-0.202338561,-0.203332776
5.8925,-0.014664949,-0.014873605,-0.01484377,-0.014691974,-0.014030673,-0.014752807,-0.204837038,-0.205672477,-0.204406386,-0.204536489,-0.204138399,-0.205159279
5.94,-0.014935174,-0.015190246,-0.015164661,-0.014978503,-0.014125595,-0.015030318,-0.206649713,-0.207507745,-0.206220086,-0.20630382,-0.205941927,-0.206991592
5.9875,-0.015210249,-0.015517414,-0.01549148,-0.015270276,-0.014211818,-0.015318403,-0.208467483,-0.209348485,-0.208039023,-0.208074716,-0.207748893,-0.208829842
6.035,-0.015490314,-0.01585555,-0.015824386,-0.015567455,-0.014289385,-0.015617801,-0.210290454,-0.211194799,-0.20986331,-0.209849239,-0.209558965,-0.210674163
6.0825,-0.01577551,-0.01620512,-0.016163549,-0.015870213,-0.014358954,-0.015929321,-0.212118735,-0.21304679,-0.211693066,-0.211627449,-0.211371725,-0.212524689
6.13,-0.016065983,-0.016566618,-0.016509141,-0.016178725,-0.014422136,-0.01625385,-0.213952437,-0.214904563,-0.213528415,-0.213409409,-0.213186655,-0.214381562
6.1775,-0.016361882,-0.01694057,-0.016861347,-0.016493173,-0.014481961,-0.016592362,-0.215791674,-0.216768228,-0.215369485,-0.21519518,-0.215003145,-0.216244923
6.225,-0.016663356,-0.017327538,-0.017220357,-0.016813746,-0.014543491,-0.016945935,-0.217636564,-0.218637896,-0.217216409,-0.216984828,-0.216820505,-0.218114923
6.2725,-0.016970558,-0.017728121,-0.017586372,-0.017140639,-0.01461454,-0.017315764,-0.219487229,-0.220513682,-0.219069329,-0.218778415,-0.218638025,-0.219991711
6.32,-0.017283639,-0.018142965,-0.017959601,-0.017474054,-0.014706445,-0.017703182,-0.221343794,-0.222395704,-0.220928389,-0.220576008,-0.220455073,-0.221875442
6.3675,-0.017602755,-0.018572766,-0.018340266,-0.017814199,-0.014834631,-0.018109683,-0.223206386,-0.224284084,-0.222793745,-0.222377673,-0.222271263,-0.223766272
6.415,-0.017928056,-0.019018277,-0.018728596,-0.01816129,-0.015018614,-0.018536943,-0.225075139,-0.226178943,-0.224665556,-0.224183477,-0.224086701,-0.225664359
6.4625,-0.018259693,-0.019480315,-0.019124836,-0.018515548,-0.015280858,-0.018986858,-0.226950189,-0.228080408,-0.226543994,-0.225993487,-0.225902285,-0.227569859
6.51,-0.018597815,-0.019959772,-0.01952924,-0.018877203,-0.015643975,-0.019461574,-0.228831677,-0.229988606,-0.228429239,-0.227807775,-0.227719976,-0.229482924
6.5575,-0.018942563,-0.020457619,-0.01994208,-0.019246492,-0.016126157,-0.019963531,-0.230719747,-0.231903666,-0.230321482,-0.229626408,-0.229542916,-0.231403698
6.605,-0.019294072,-0.020974925,-0.020363643,-0.01962366,-0.01673573,-0.020495511,-0.232614547,-0.233825716,-0.232220926,-0.231449458,-0.231375222,-0.233332314
6.6525,-0.019652469,-0.021512863,-0.020794233,-0.020008958,-0.017466829,-0.021060688,-0.234516232,-0.235754884,-0.234127789,-0.233276996,-0.233221396,-0.23526888
6.7,-0.020017865,-0.022072725,-0.021234177,-0.020402647,-0.018298537,-0.021662686,-0.236424956,-0.237691294,-0.236042305,-0.235109097,-0.23508547,-0.237213476
6.7475,-0.020390358,-0.022655935,-0.021683825,-0.020804995,-0.019198556,-0.022305635,-0.238340882,-0.239635065,-0.237964729,-0.236945833,-0.236970198,-0.239166135
6.795,-0.020770023,-0.023264066,-0.022143558,-0.021216278,-0.020130186,-0.022994219,-0.24026417,-0.241586307,-0.239895334,-0.238787279,-0.238876635,-0.24112682
6.8425,-0.02115691,-0.023898846,-0.022613793,-0.021636783,-0.021059686,-0.023733704,-0.242194988,-0.243545115,-0.241834424,-0.240633511,-0.240804235,-0.243095405
6.89,-0.021551038,-0.024562177,-0.023094995,-0.022066801,-0.021961332,-0.024529932,-0.244133503,-0.245511566,-0.243782332,-0.242484606,-0.242751339,-0.245071633
6.9375,-0.021952386,-0.025256131,-0.023587691,-0.022506637,-0.02281918,-0.025389224,-0.246079879,-0.247485709,-0.245739432,-0.244340641,-0.244715788,-0.247055068
6.985,-0.022360888,-0.025982941,-0.02409249,-0.022956601,-0.023626151,-0.026318162,-0.24803428,-0.249467553,-0.247706146,-0.246201695,-0.246695438,-0.249045044
7.0325,-0.022776421,-0.026744977,-0.024610118,-0.023417015,-0.02438176,-0.027323149,-0.249996863,-0.251457058,-0.249682957,-0.248067849,-0.248688482,-0.251040584
7.08,-0.023198803,-0.027544676,-0.025141473,-0.02388821,-0.025089631,-0.028409628,-0.251967773,-0.253454113,-0.251670428,-0.249939183,-0.25069359,-0.253040331
7.1275,-0.023627782,-0.028384428,-0.025687706,-0.024370525,-0.025755407,-0.029580824,-0.253947136,-0.25545852,-0.253669227,-0.25181578,-0.252709929,-0.255042471
7.175,-0.02406304,-0.029266378,-0.026250363,-0.024864311,-0.026385259,-0.030835836,-0.255935047,-0.257469969,-0.255680162,-0.253697721,-0.25473712,-0.257044702
7.2225,-0.024504204,-0.030192095,-0.026831634,-0.025369929,-0.026984911,-0.032167019,-0.257931558,-0.259488007,-0.25770424,-0.255585092,-0.256775177,-0.25904427
7.27,-0.024950885,-0.031162085,-0.027434785,-0.025887749,-0.027559027,-0.033556801,-0.259936654,-0.261512024,-0.259742748,-0.257477978,-0.258824465,-0.261038177
7.3175,-0.025402764,-0.032175049,-0.028064982,-0.026418152,-0.028110785,-0.034974577,-0.261950221,-0.263541232,-0.261797385,-0.259376464,-0.260885684,-0.263023617
7.365,-0.02585978,-0.033226871,-0.028730902,-0.026961531,-0.028641472,-0.036375064,-0.263971998,-0.265574683,-0.263870482,-0.261280639,-0.262959903,-0.264998705
7.4125,-0.026322504,-0.034309324,-0.0294481,-0.027518289,-0.029149913,-0.037700132,-0.266001513,-0.267611333,-0.265965352,-0.263190591,-0.265048667,-0.266963449
7.46,-0.02679288,-0.035408617,-0.030246536,-0.028088842,-0.029631522,-0.038886014,-0.268037988,-0.269650191,-0.268086882,-0.265106411,-0.267154243,-0.268920678
7.5075,-0.027275661,-0.036504173,-0.03118876,-0.028673615,-0.030076531,-0.039875957,-0.270080213,-0.271690592,-0.270242436,-0.267028188,-0.26928014,-0.270876492
7.555,-0.027781195,-0.037568334,-0.032417602,-0.029273046,-0.030466685,-0.040634956,-0.27212641,-0.27373261,-0.27244268,-0.268956015,-0.271432261,-0.272839771
7.6025,-0.028330663,-0.038568051,-0.034288342,-0.029887586,-0.030769028,-0.0411604,-0.274174151,-0.275777576,-0.274698167,-0.270889985,-0.273621784,-0.274820666
7.65,-0.028965405,-0.039469485,-0.037684884,-0.030517698,-0.030926223,-0.041483226,-0.276220581,-0.277828547,-0.276982241,-0.272830193,-0.275873495,-0.2768286
7.6975,-0.029761292,-0.040245552,-0.043721548,-0.031163856,-0.030869445,-0.04165896,-0.278263619,-0.279890488,-0.279035008,-0.274776734,-0.278256214,-0.278870599
7.745,-0.030842481,-0.040884521,-0.047774191,-0.031826549,-0.031093495,-0.041753379,-0.280305523,-0.281969903,-0.280424508,-0.276729706,-0.281034989,-0.280950589
7.7925,-0.032366159,-0.041396052,-0.045163262,-0.032506278,-0.047649093,-0.041829118,-0.28236013,-0.284073856,-0.282001741,-0.278689206,-0.284703564,-0.283069677
7.84,-0.034418794,-0.041811176,-0.042476258,-0.033203558,-0.053102075,-0.041937319,-0.284459778,-0.28620868,-0.284089312,-0.280655334,-0.283770679,-0.285227037
7.8875,-0.036832325,-0.042175607,-0.04132433,-0.033918917,-0.045270195,-0.042114837,-0.286645268,-0.288378934,-0.286339203,-0.282628191,-0.285852122,-0.287420904
7.935,-0.039177051,-0.042539418,-0.041091586,-0.034652898,-0.043255086,-0.042385368,-0.288931494,-0.290587022,-0.288626898,-0.284607879,-0.288185231,-0.289649387
7.9825,-0.04109524,-0.042947647,-0.04135158,-0.035406058,-0.042825717,-0.042762413,-0.291291178,-0.292833531,-0.290929192,-0.2865945,-0.290517266,-0.291910991
8.03,-0.042542917,-0.04343487,-0.041898252,-0.036178967,-0.043017684,-0.04325257,-0.293684675,-0.295118011,-0.293245447,-0.288588159,-0.29285193,-0.294204907
8.0775,-0.043674159,-0.044024157,-0.042632138,-0.036972214,-0.043529599,-0.043858393,-0.296089298,-0.29743979,-0.29557946,-0.290588963,-0.295199455,-0.296531129
8.125,-0.044658075,-0.044728969,-0.043503557,-0.037786398,-0.044242884,-0.04458058,-0.298500775,-0.299798631,-0.29793574,-0.292597018,-0.297567507,-0.298890499
8.1725,-0.04561075,-0.045556262,-0.044487654,-0.038622137,-0.045104736,-0.045419562,-0.300924064,-0.302195136,-0.300318889,-0.294612433,-0.299962182,-0.30128473
8.22,-0.046599537,-0.046509597,-0.045573168,-0.039480064,-0.046091113,-0.046376646,-0.303366987,-0.304630989,-0.30273367,-0.296635318,-0.302389001,-0.303716437
8.2675,-0.047662292,-0.047591731,-0.046757232,-0.040360828,-0.047192852,-0.047454893,-0.30583779,-0.307109087,-0.305185233,-0.298665785,-0.304853556,-0.306189218
8.315,-0.048822249,-0.048806633,-0.048042995,-0.041265096,-0.048409964,-0.048659903,-0.308344681,-0.309633677,-0.307679391,-0.300703945,-0.307361985,-0.308707785
8.3625,-0.050097022,-0.050161111,-0.049438771,-0.042193548,-0.049749373,-0.050000664,-0.310896115,-0.312210538,-0.310222945,-0.302749913,-0.309921389,-0.311278186
8.41,-0.051503898,-0.051666328,-0.050958144,-0.043146886,-0.051224427,-0.051490624,-0.313501329,-0.314847271,-0.312824089,-0.304803806,-0.312540308,-0.313908133
8.4575,-0.053063375,-0.053339522,-0.052620907,-0.044125826,-0.052855617,-0.053149208,-0.316170993,-0.31755375,-0.315492949,-0.306865738,-0.315229302,-0.316607493
8.505,-0.05480224,-0.055206335,-0.054454934,-0.045131105,-0.054672469,-0.055004088,-0.31891803,-0.320342825,-0.318242322,-0.308935831,-0.31800175,-0.319389005
8.5525,-0.056757158,-0.057304288,-0.056499375,-0.046163474,-0.056716976,-0.057094702,-0.321758685,-0.323231373,-0.321088752,-0.311014202,-0.320875004,-0.322269357
8.6,-0.058979783,-0.059688315,-0.058809942,-0.047223707,-0.0590494,-0.059477922,-0.324714053,-0.326241927,-0.324054129,-0.313100974,-0.323872109,-0.325270815
8.6475,-0.061544832,-0.062439972,-0.061467823,-0.048312595,-0.061758155,-0.062237496,-0.327812363,-0.329405228,-0.327168176,-0.31519627,-0.327024476,-0.328423783
8.695,-0.064563758,-0.065683454,-0.064595215,-0.049430949,-0.064977191,-0.065500517,-0.331092571,-0.33276436,-0.330472436,-0.317300215,-0.330376219,-0.331770929
8.7425,-0.068209189,-0.069614912,-0.068383761,-0.050579598,-0.068918091,-0.06946762,-0.334610287,-0.33638172,-0.334026994,-0.319412934,-0.333991481,-0.335374177
8.79,-0.072761435,-0.074559543,-0.07314992,-0.051759394,-0.073933201,-0.074472018,-0.338448062,-0.340351372,-0.337922347,-0.321534555,-0.337967495,-0.339327112
8.8375,-0.078703596,-0.081091645,-0.079451421,-0.052971209,-0.080650077,-0.081104362,-0.342734312,-0.344822287,-0.342301745,-0.323665209,-0.342459403,-0.34377843
8.885,-0.086934582,-0.090313009,-0.088357414,-0.054215934,-0.090288416,-0.090504537,-0.347680678,-0.350045476,-0.347406446,-0.325805024,-0.347731085,-0.348979737
8.9325,-0.09930534,-0.104586466,-0.10216063,-0.055494484,-0.105513775,-0.105138898,-0.353662347,-0.356478674,-0.353676155,-0.327954136,-0.354269535,-0.355392362
8.98,-0.120197771,-0.1298363,-0.126611928,-0.056807794,-0.133198755,-0.13127568,-0.361409711,-0.365046047,-0.361997661,-0.330112677,-0.363071978,-0.36395392
9.0275,-0.162325274,-0.184819955,-0.179927463,-0.058156823,-0.196065823,-0.189194289,-0.372520833,-0.377856385,-0.374388158,-0.332280784,-0.376433762,-0.376812728
9.075,-0.27641634,-0.355784895,-0.345756955,-0.059542552,-0.405618361,-0.375324349,-0.390817704,-0.399774142,-0.395425787,-0.334458595,-0.399041344,-0.398655371
9.1225,-0.781322833,-1.181207284,-1.134249745,-0.060965985,-1.298537875,-1.229407998,-0.41444574,-0.397993237,-0.392443189,-0.33664625,-0.365578084,-0.381576883
9.17,-1.002415484,-0.594545616,-0.570789227,-0.062428151,-0.449886023,-0.499170927,-0.267866636,-0.265691163,-0.267799051,-0.338843889,-0.271944983,-0.271689707
9.2175,-0.242010907,-0.182680525,-0.178527833,-0.063930101,-0.159044954,-0.167649389,-0.291510859,-0.302714227,-0.302750918,-0.341051656,-0.305953763,-0.306746358
9.265,-0.126823153,-0.115301354,-0.113303719,-0.065472915,-0.10814838,-0.11229887,-0.31793975,-0.324477788,-0.323528449,-0.343269697,-0.32524686,-0.326917926
9.3125,-0.106160763,-0.105337292,-0.102924538,-0.067057693,-0.102561859,-0.106499976,-0.333949975,-0.338858952,-0.337214271,-0.345498157,-0.33853633,-0.340773672
9.36,-0.116008422,-0.121587849,-0.11589166,-0.068685564,-0.120774368,-0.126681174,-0.346951623,-0.35161119,-0.349085844,-0.347737187,-0.3505369,-0.353545004
9.4075,-0.165776018,-0.187069389,-0.165385004,-0.070357683,-0.184244819,-0.201274021,-0.360939641,-0.366501709,-0.362333012,-0.349986937,-0.364221623,-0.368943442
9.455,-0.366202143,-0.468921056,-0.351576624,-0.072075232,-0.4189408,-0.518619064,-0.375972632,-0.379661036,-0.377362062,-0.35224756,-0.37636305,-0.381435054
9.5025,-0.663342949,-0.593271396,-0.705286919,-0.07383942,-0.641021848,-0.610527777,-0.328995871,-0.315005669,-0.33665535,-0.354519211,-0.325414973,-0.310221116
9.55,-0.265008596,-0.222024206,-0.300850796,-0.075651484,-0.271185962,-0.224037014,-0.315135302,-0.318218244,-0.312970158,-0.356802046,-0.315036512,-0.315654732
9.5975,-0.145814298,-0.1335363,-0.15736955,-0.07751269,-0.152796098,-0.133828062,-0.328881175,-0.331849417,-0.326883192,-0.359096226,-0.327846744,-0.329938423
9.645,-0.111289752,-0.106800114,-0.116271451,-0.079424333,-0.115706783,-0.106544109,-0.338469709,-0.340912834,-0.33695968,-0.361401911,-0.33721109,-0.339307621
9.6925,-0.098397115,-0.096603541,-0.10098131,-0.081387739,-0.101118834,-0.096165076,-0.345422997,-0.347563248,-0.344183638,-0.363719265,-0.344117459,-0.346129846
9.74,-0.093089683,-0.092464496,-0.094559632,-0.083404262,-0.094746924,-0.091980325,-0.350973047,-0.352935107,-0.349882369,-0.366048454,-0.349659869,-0.351607054
9.7875,-0.091094683,-0.091054661,-0.091952182,-0.085475289,-0.092049358,-0.090580861,-0.355712584,-0.357561887,-0.354706564,-0.368389646,-0.354398951,-0.356301848
9.835,-0.090783122,-0.091065802,-0.091262217,-0.08760224,-0.091249473,-0.090625988,-0.359945789,-0.361719174,-0.358988867,-0.370743011,-0.358630986,-0.360504315
9.8825,-0.091428858,-0.09190237,-0.091654882,-0.089786567,-0.091542108,-0.091505649,-0.363843031,-0.365562963,-0.36291425,-0.373108721,-0.362524628,-0.364378378
9.93,-0.092669755,-0.093263172,-0.092718183,-0.092029752,-0.092521144,-0.092911555,-0.367507101,-0.369188383,-0.366593532,-0.375486954,-0.366182657,-0.368023822
9.9775,-0.094309606,-0.094983625,-0.09423085,-0.094333317,-0.093964665,-0.094675343,-0.371003856,-0.372657028,-0.3700973,-0.377877885,-0.369671384,-0.371505122
10.025,-0.096235373,-0.096968496,-0.096066235,-0.096698814,-0.095743811,-0.096699578,-0.37437758,-0.376010767,-0.373472822,-0.380281697,-0.373035664,-0.374866023
10.0725,-0.098379028,-0.099160377,-0.098148289,-0.099127834,-0.09778022,-0.098925431,-0.377659257,-0.379279243,-0.376753096,-0.382698571,-0.37630706,-0.378137426
10.12,-0.100698548,-0.101523744,-0.100429731,-0.101622001,-0.100024597,-0.101316355,-0.380871292,-0.382484177,-0.379961978,-0.385128693,-0.379508543,-0.381341932
10.1675,-0.103167819,-0.104036393,-0.102880491,-0.104182981,-0.102445222,-0.103849329,-0.384030353,-0.385641982,-0.383117247,-0.387572253,-0.382657328,-0.38449658
10.215,-0.105770995,-0.106684606,-0.105481256,-0.106812476,-0.105021468,-0.106509925,-0.38714916,-0.3887654,-0.386232511,-0.390029442,-0.385766661,-0.387614572
10.2625,-0.108499182,-0.109460315,-0.108219706,-0.109512225,-0.107739986,-0.109289409,-0.390237645,-0.391864581,-0.389318445,-0.392500454,-0.388846978,-0.390706407
10.31,-0.111348411,-0.112359376,-0.111088236,-0.112284012,-0.110592389,-0.112182997,-0.393303744,-0.39494781,-0.392383613,-0.394985486,-0.391906694,-0.393780638
10.3575,-0.11431835,-0.115380511,-0.114082534,-0.115129659,-0.11357379,-0.115188772,-0.39635394,-0.398022022,-0.395435042,-0.39748474,-0.394952742,-0.396844407
10.405,-0.11741147,-0.118524648,-0.117200678,-0.118051032,-0.116681886,-0.118307013,-0.399393649,-0.401093159,-0.398478623,-0.399998418,-0.397990964,-0.399903826
10.4525,-0.120632504,-0.121794517,-0.120442539,-0.121050039,-0.119916361,-0.121539792,-0.402427494,-0.404166451,-0.401519407,-0.402526729,-0.401026397,-0.402964262
10.5,-0.123988149,-0.125194428,-0.123809408,-0.124128633,-0.123278512,-0.124890741,-0.405459508,-0.407246623,-0.404561825,-0.405069882,-0.404063484,-0.406030556
10.5475,-0.127486953,-0.128730171,-0.127303741,-0.127288814,-0.126771025,-0.128364951,-0.408493282,-0.410338064,-0.407609862,-0.407628091,-0.407106248,-0.409107195
10.595,-0.13113942,-0.132409026,-0.130929009,-0.130532629,-0.130397865,-0.131968972,-0.411532067,-0.41344497,-0.410667194,-0.410201574,-0.41015843,-0.41219846
10.6425,-0.134958358,-0.136239858,-0.134689607,-0.133862171,-0.134164246,-0.135710903,-0.414578861,-0.416571473,-0.413737308,-0.412790552,-0.413223601,-0.41530856
10.69,-0.138959543,-0.140233313,-0.138590819,-0.137279586,-0.13807669,-0.139600583,-0.417636458,-0.419721762,-0.416823604,-0.41539525,-0.416305279,-0.418441755
10.7375,-0.143162849,-0.144402125,-0.142638818,-0.140787069,-0.142143157,-0.143649878,-0.420707504,-0.422900212,-0.419929502,-0.418015897,-0.419407023,-0.421602486
10.785,-0.147594085,-0.148761551,-0.146840697,-0.144386869,-0.146373271,-0.147873101,-0.42379453,-0.426111515,-0.423058541,-0.420652727,-0.422532548,-0.424795514
10.8325,-0.152288004,-0.153329992,-0.151204526,-0.148081289,-0.150778643,-0.152287612,-0.426900007,-0.429360844,-0.426214496,-0.423305976,-0.425685839,-0.428026085
10.88,-0.157293297,-0.158129856,-0.15573942,-0.151872688,-0.155373345,-0.156914642,-0.430026451,-0.432654046,-0.429401514,-0.425975887,-0.428871292,-0.431300124
10.9275,-0.162681099,-0.163188773,-0.160455626,-0.155763483,-0.160174568,-0.161780472,-0.433176682,-0.435997879,-0.432624283,-0.428662704,-0.432093886,-0.434624494
10.975,-0.16855973,-0.168541316,-0.165364578,-0.159756151,-0.165203561,-0.166918094,-0.43635454,-0.439400341,-0.435888255,-0.43136668,-0.435359394,-0.438007319
11.0225,-0.175100004,-0.174231487,-0.170478919,-0.16385323,-0.170486958,-0.172369632,-0.439566889,-0.442871087,-0.439199952,-0.43408807,-0.43867468,-0.441458435
11.07,-0.182574823,-0.180316383,-0.175812409,-0.168057323,-0.176058714,-0.178189902,-0.442829253,-0.446422022,-0.44256741,-0.436827135,-0.442048079,-0.444990001
11.1175,-0.191396656,-0.186871698,-0.181379621,-0.172371098,-0.181962973,-0.184451821,-0.44618124,-0.450068129,-0.446000839,-0.439584139,-0.445489953,-0.448617379
11.165,-0.202019235,-0.194000246,-0.187195267,-0.176797292,-0.188258415,-0.191254799,-0.449722899,-0.453828658,-0.449513666,-0.442359355,-0.44901347,-0.452360396
11.2125,-0.214200857,-0.201845544,-0.193272949,-0.181338713,-0.195025068,-0.198738232,-0.453656926,-0.457728891,-0.45312426,-0.445153059,-0.452635763,-0.456245236
11.26,-0.225415021,-0.210614238,-0.199623269,-0.185998243,-0.202375332,-0.207103966,-0.458154496,-0.46180281,-0.456858948,-0.447965533,-0.456379689,-0.46030733
11.3075,-0.232516214,-0.220614712,-0.206252305,-0.190778841,-0.210472587,-0.216655352,-0.462938512,-0.466097252,-0.460757599,-0.450797065,-0.460276595,-0.464595914
11.355,-0.237276478,-0.232326795,-0.213166354,-0.195683544,-0.219564119,-0.227868633,-0.46756276,-0.470678569,-0.464884641,-0.453647951,-0.464370823,-0.469181429
11.4025,-0.243535617,-0.246535083,-0.220409594,-0.200715474,-0.230042916,-0.241531494,-0.472072192,-0.475643579,-0.469351983,-0.45651849,-0.468727381,-0.474167955
11.45,-0.253134998,-0.264602,-0.22824561,-0.205877837,-0.242572115,-0.259032076,-0.476752186,-0.481137982,-0.474367955,-0.45940899,-0.473445637,-0.479714665
11.4975,-0.267109058,-0.28907565,-0.237922286,-0.211173933,-0.258358916,-0.283017639,-0.481871937,-0.487387091,-0.480334657,-0.462319766,-0.478685132,-0.486073095
11.545,-0.287426757,-0.325187208,-0.25450241,-0.216607152,-0.279829825,-0.319068168,-0.487724901,-0.49474144,-0.487960667,-0.465251137,-0.484716937,-0.493646898
11.5925,-0.318952646,-0.385010251,-0.294086421,-0.222180986,-0.312563506,-0.380546174,-0.494751833,-0.503695503,-0.497896965,-0.468203434,-0.492028428,-0.503034799
11.64,-0.374939026,-0.500448082,-0.385951012,-0.227899028,-0.372054091,-0.504632785,-0.503690549,-0.514428143,-0.508688408,-0.471176991,-0.501497201,-0.514510345
11.6875,-0.499498683,-0.759787705,-0.547749862,-0.233764981,-0.514088554,-0.799022173,-0.515191979,-0.521660697,-0.515571318,-0.474172153,-0.513783303,-0.521123322
11.735,-0.854802994,-1.16900715,-0.782619987,-0.23978266,-0.935618003,-1.195277545,-0.517089397,-0.483424898,-0.511008651,-0.477189271,-0.507386113,-0.469721358
11.7825,-0.901047841,-0.83047647,-0.983491042,-0.245956002,-0.725514454,-0.73481323,-0.437516662,-0.419884396,-0.478205591,-0.480228706,-0.431650972,-0.416752533
11.83,-0.412246094,-0.452622965,-0.7955326,-0.252289068,-0.38293593,-0.413199123,-0.449137186,-0.430443318,-0.437797648,-0.483290826,-0.454642761,-0.432662975
11.8775,-0.370750552,-0.329094467,-0.499449278,-0.258786051,-0.385159276,-0.314597302,-0.475610502,-0.44834688,-0.437033083,-0.486376008,-0.477472381,-0.449818261
11.925,-0.577633414,-0.288892343,-0.358134923,-0.265451287,-0.605980631,-0.282722722,-0.486005867,-0.461482098,-0.45027984,-0.489484639,-0.482364252,-0.462081906
11.9725,-0.483246984,-0.276209291,-0.303777092,-0.272289259,-0.460436802,-0.273135746,-0.453228924,-0.471282124,-0.462454759,-0.492617115,-0.450786677,-0.471289986
12.02,-0.317026646,-0.274317873,-0.284341627,-0.279304605,-0.307393941,-0.27249707,-0.466251847,-0.479106983,-0.472138255,-0.495773841,-0.465114857,-0.478715378
12.0675,-0.286341615,-0.277331539,-0.279481379,-0.286502134,-0.281494552,-0.276030321,-0.47787043,-0.485727498,-0.479997353,-0.49895523,-0.476627498,-0.485053068
12.115,-0.282793943,-0.282859655,-0.28128715,-0.293886826,-0.279859949,-0.281761493,-0.486206176,-0.491577119,-0.486652595,-0.502161709,-0.484813923,-0.490691734
12.1625,-0.286812458,-0.289818635,-0.28643106,-0.301463855,-0.284799554,-0.288781833,-0.492859625,-0.496911017,-0.492511044,-0.50539371,-0.491346953,-0.495860678
12.21,-0.293663713,-0.297674975,-0.293394785,-0.30923859,-0.292135621,-0.296637698,-0.498582341,-0.501887102,-0.497829067,-0.508651677,-0.496976201,-0.500702383
12.2575,-0.301822559,-0.30614924,-0.301436854,-0.317216617,-0.300557054,-0.305088413,-0.503741228,-0.506607582,-0.502770595,-0.511936065,-0.502061798,-0.505309488
12.305,-0.310698672,-0.315088331,-0.310175265,-0.325403747,-0.309571463,-0.314000385,-0.508534838,-0.51114122,-0.507443474,-0.515247337,-0.506796851,-0.509744583
12.3525,-0.320035307,-0.324405811,-0.319405236,-0.333806037,-0.318972407,-0.323297057,-0.513080211,-0.515535835,-0.511920818,-0.518585965,-0.511294491,-0.514051365
12.4,-0.329712659,-0.334052157,-0.329014106,-0.342429802,-0.328668176,-0.332933691,-0.517451068,-0.519825628,-0.516253627,-0.521952431,-0.515625669,-0.518261199
12.4475,-0.33967307,-0.343999111,-0.338939244,-0.351281638,-0.338617852,-0.342883979,-0.521696321,-0.524035667,-0.520478411,-0.525347227,-0.51983731,-0.522397145
12.495,-0.349889241,-0.354231061,-0.349146197,-0.360368437,-0.348804649,-0.353132621,-0.525849799,-0.528184712,-0.524621916,-0.528770848,-0.523961784,-0.526476512
12.5425,-0.360349547,-0.364740113,-0.359616869,-0.369697412,-0.359223823,-0.363671043,-0.529935697,-0.53228707,-0.528704145,-0.532223801,-0.528022197,-0.530512534
12.59,-0.371050789,-0.375523178,-0.370342895,-0.37927612,-0.369876842,-0.374494862,-0.533971818,-0.536353824,-0.53274034,-0.535706596,-0.532035512,-0.534515491
12.6375,-0.38199444,-0.386580196,-0.381321819,-0.389112483,-0.380768426,-0.385602338,-0.537971574,-0.54039369,-0.536742307,-0.539219746,-0.536014483,-0.538493489
12.685,-0.393184614,-0.397913029,-0.39255483,-0.399214819,-0.391904983,-0.396993412,-0.541945273,-0.544413613,-0.540719326,-0.542763767,-0.539968889,-0.542453005
12.7325,-0.404626936,-0.409524759,-0.404045395,-0.409591867,-0.40329377,-0.408669098,-0.545900986,-0.548419192,-0.544678794,-0.546339175,-0.54390636,-0.546399278
12.78,-0.416327901,-0.42141923,-0.415798411,-0.420252816,-0.414942423,-0.420631098,-0.549845123,-0.552414991,-0.548626675,-0.549946478,-0.547832937,-0.550336599
12.8275,-0.428294498,-0.433600747,-0.42781969,-0.431207336,-0.426858695,-0.432881557,-0.55378285,-0.556404774,-0.552567834,-0.553586182,-0.551753464,-0.554268521
12.875,-0.440533997,-0.44607388,-0.440115618,-0.442465608,-0.439050308,-0.445422901,-0.557718377,-0.560391672,-0.556506278,-0.557258775,-0.555671869,-0.558198022
12.9225,-0.453053819,-0.458843333,-0.45269295,-0.454038355,-0.45152487,-0.458257748,-0.561655178,-0.564378319,-0.560445337,-0.56096473,-0.55959137,-0.562127627
12.97,-0.465861461,-0.471913854,-0.465558678,-0.465936871,-0.464289831,-0.471388849,-0.565596141,-0.568366951,-0.564387807,-0.564704495,-0.563514627,-0.5660595
13.0175,-0.478964456,-0.485290185,-0.478719939,-0.478173047,-0.477352452,-0.484819061,-0.569543693,-0.572359487,-0.568336046,-0.568478481,-0.567443856,-0.569995521
13.065,-0.492370348,-0.498977025,-0.492183969,-0.490759398,-0.490719796,-0.498551335,-0.573499888,-0.576357591,-0.572292063,-0.57228706,-0.571380915,-0.573937343
13.1125,-0.506086682,-0.512979013,-0.505958064,-0.503709074,-0.504398721,-0.512588728,-0.577466478,-0.580362722,-0.576257579,-0.576130549,-0.575327378,-0.577886437
13.16,-0.520120992,-0.527300723,-0.520049562,-0.517035871,-0.518395872,-0.526934407,-0.581444963,-0.584376173,-0.580234077,-0.580009196,-0.579284583,-0.581844129
13.2075,-0.534480807,-0.541946666,-0.53446583,-0.530754224,-0.532717688,-0.541591674,-0.58543664,-0.588399105,-0.584222843,-0.583923167,-0.58325368,-0.585811631
13.255,-0.549173638,-0.556921297,-0.549214258,-0.544879179,-0.5473704,-0.55656399,-0.589442633,-0.592432575,-0.588224997,-0.587872528,-0.587235663,-0.589790062
13.3025,-0.564206984,-0.572229028,-0.564302253,-0.55942635,-0.562360032,-0.571855001,-0.593463921,-0.596477555,-0.592241518,-0.591857222,-0.591231402,-0.593780469
13.35,-0.579588325,-0.587874247,-0.579737235,-0.574411833,-0.577692409,-0.587468571,-0.597501359,-0.600534951,-0.596273268,-0.595877053,-0.595241664,-0.597783843
13.3975,-0.595325118,-0.603861337,-0.595526641,-0.589852085,-0.593373162,-0.603408808,-0.6015557,-0.604605622,-0.600321007,-0.599931654,-0.599267138,-0.601801129
13.445,-0.611424788,-0.620194696,-0.611677916,-0.605763751,-0.609407735,-0.619680101,-0.605627604,-0.60869039,-0.604385408,-0.604020467,-0.603308448,-0.605833237
13.4925,-0.627894717,-0.636878766,-0.628198512,-0.622163426,-0.625801396,-0.636287147,-0.609717655,-0.612790051,-0.608467069,-0.608142712,-0.607366173,-0.609881048
13.54,-0.644742235,-0.653918052,-0.645095881,-0.639067343,-0.642559248,-0.653234992,-0.61382637,-0.616905385,-0.612566521,-0.612297362,-0.611440857,-0.613945425
13.5875,-0.661974594,-0.671317152,-0.662377473,-0.656490966,-0.659686246,-0.670529057,-0.617954206,-0.621037166,-0.616684238,-0.616483117,-0.615533024,-0.61802721
13.635,-0.679598955,-0.689080782,-0.680050719,-0.674448492,-0.677187216,-0.688175172,-0.622101571,-0.625186168,-0.620820642,-0.620698386,-0.619643188,-0.622127231
13.6825,-0.697622352,-0.707213802,-0.69812302,-0.692952226,-0.695066872,-0.706179612,-0.626268829,-0.629353169,-0.624976111,-0.624941272,-0.623771862,-0.626246301
13.73,-0.716051668,-0.725721244,-0.71660173,-0.712011865,-0.713329844,-0.724549126,-0.630456306,-0.633538958,-0.629150981,-0.629209573,-0.62791957,-0.630385222
13.7775,-0.734893589,-0.744608338,-0.735494129,-0.731633656,-0.731980706,-0.743290972,-0.6346643,-0.63774434,-0.633345552,-0.633500799,-0.632086851,-0.634544778
13.825,-0.754154561,-0.763880535,-0.754807398,-0.751819487,-0.751024001,-0.762412941,-0.638893082,-0.64197014,-0.63756009,-0.637812216,-0.63627427,-0.638725736
13.8725,-0.773840737,-0.783543528,-0.774548573,-0.772565928,-0.770464278,-0.781923397,-0.643142909,-0.646217205,-0.641794829,-0.64214091,-0.640482425,-0.642928838
13.92,-0.793957912,-0.80360328,-0.794724502,-0.793863298,-0.790306123,-0.801831294,-0.647414024,-0.650486408,-0.646049976,-0.6464839,-0.644711949,-0.647154799
13.9675,-0.814511455,-0.824066033,-0.815341777,-0.815694857,-0.810554197,-0.822146204,-0.651706673,-0.65477865,-0.65032571,-0.650838277,-0.64896352,-0.651404293
14.015,-0.835506224,-0.844938329,-0.836406658,-0.838036228,-0.831213265,-0.842878333,-0.656021111,-0.659094861,-0.654622185,-0.655201391,-0.653237862,-0.655677943
14.0625,-0.856946478,-0.866227012,-0.857924971,-0.860855199,-0.852288233,-0.864038528,-0.660357612,-0.663436007,-0.658939533,-0.659571075,-0.657535751,-0.659976307
14.11,-0.878835774,-0.887939233,-0.879901978,-0.884112044,-0.873784174,-0.885638269,-0.664716488,-0.667803084,-0.663277866,-0.663945886,-0.661858015,-0.664299854
14.1575,-0.901176856,-0.910082438,-0.902342211,-0.907760483,-0.895706348,-0.907689637,-0.669098106,-0.672197126,-0.667637274,-0.668325368,-0.666205539,-0.668648936
14.205,-0.923971538,-0.932664346,-0.925249264,-0.931749362,-0.918060212,-0.930205241,-0.673502909,-0.676619201,-0.672017837,-0.672710286,-0.670579265,-0.673023755
14.2525,-0.947220573,-0.955692914,-0.94862552,-0.956025043,-0.940851414,-0.953198088,-0.677931445,-0.681070418,-0.676419624,-0.677102823,-0.67498019,-0.677424313
14.3,-0.970923533,-0.979176267,-0.972471794,-0.980534404,-0.964085762,-0.976681348,-0.682384397,-0.685551923,-0.680842708,-0.681506696,-0.679409367,-0.681850348
14.3475,-0.995078672,-1.003122608,-0.996786881,-1.005228222,-0.987769158,-1.000667968,-0.686862629,-0.690064904,-0.685287176,-0.685927174,-0.6838679,-0.686301249
14.395,-1.019682815,-1.027540078,-1.021566951,-1.030064635,-1.011907489,-1.025170019,-0.691367228,-0.694610594,-0.689753155,-0.690370969,-0.688356945,-0.690775941
14.4425,-1.044731243,-1.05243656,-1.046804769,-1.055012306,-1.036506444,-1.050197619,-0.695899567,-0.699190273,-0.694240851,-0.694846014,-0.692877701,-0.695272733
14.49,-1.070217617,-1.077819389,-1.07248866,-1.080052947,-1.061571233,-1.075757137,-0.700461371,-0.703805278,-0.698750609,-0.699361132,-0.697431407,-0.69978911
14.5375,-1.096133909,-1.103694955,-1.098601165,-1.105182908,-1.087106165,-1.101848171,-0.705054802,-0.708457009,-0.703283011,-0.703925634,-0.702019337,-0.70432147
14.585,-1.12247038,-1.130068126,-1.125117278,-1.130413691,-1.113114008,-1.128458428,-0.709682549,-0.713146951,-0.707839034,-0.708548881,-0.706642797,-0.708864783
14.6325,-1.149215558,-1.15694143,-1.152002198,-1.155771394,-1.139595033,-1.155554932,-0.714347947,-0.717876704,-0.712420308,-0.713239869,-0.711303125,-0.713412216
14.68,-1.176356212,-1.184313866,-1.179208525,-1.181295241,-1.166545574,-1.183068815,-0.719055101,-0.722648033,-0.717029531,-0.718006857,-0.716001709,-0.717954829
14.7275,-1.203877238,-1.212179193,-1.206673007,-1.207035459,-1.193955821,-1.210869053,-0.723809045,-0.727462964,-0.721671153,-0.722857091,-0.720740021,-0.722481726
14.775,-1.231761325,-1.240523411,-1.234313295,-1.233050831,-1.221806425,-1.238718178,-0.72861594,-0.732323938,-0.726352472,-0.727796609,-0.725519718,-0.726981735
14.8225,-1.259988158,-1.26932105,-1.262026096,-1.259406243,-1.250063162,-1.266203404,-0.733483329,-0.737234105,-0.731085415,-0.732830161,-0.730342854,-0.731449365
14.87,-1.288532729,-1.298529682,-1.289690173,-1.286170479,-1.278668457,-1.292654468,-0.738420526,-0.742197856,-0.735889314,-0.737961204,-0.735212348,-0.735901443
14.9175,-1.31736204,-1.32808187,-1.317181892,-1.313414479,-1.30752777,-1.317143226,-0.743439235,-0.747221831,-0.740795032,-0.743191966,-0.740133023,-0.740415287
14.965,-1.346428985,-1.357873786,-1.344418731,-1.341210163,-1.336487875,-1.338892888,-0.74855468,-0.752316885,-0.745850347,-0.748523563,-0.745113934,-0.745190117
15.0125,-1.375661567,-1.387750828,-1.371456568,-1.369629869,-1.365303974,-1.358601549,-0.753787804,-0.757502015,-0.751124926,-0.753956139,-0.750173756,-0.750560938
15.06,-1.404944906,-1.417496312,-1.39866811,-1.398746393,-1.393599675,-1.379907336,-0.759169904,-0.762812384,-0.756708985,-0.759489019,-0.755353563,-0.756778526
15.1075,-1.434095164,-1.446851828,-1.4269825,-1.428633598,-1.420868637,-1.407554645,-0.764753101,-0.768315638,-0.762692768,-0.765120866,-0.760747172,-0.763636006
15.155,-1.462841474,-1.475677371,-1.458007006,-1.459367524,-1.446775096,-1.442851878,-0.770635867,-0.774142653,-0.769112477,-0.770849829,-0.766566516,-0.770585217
15.2025,-1.490943932,-1.504588003,-1.493650798,-1.491027949,-1.472704536,-1.48347125,-0.777029851,-0.780527373,-0.775876406,-0.776673688,-0.773219068,-0.77726115
15.25,-1.519286617,-1.536673465,-1.535097473,-1.523700339,-1.505637256,-1.526746369,-0.784433555,-0.787760961,-0.782745929,-0.782589998,-0.781039117,-0.783621724
15.2975,-1.55679725,-1.579004691,-1.581903824,-1.557478163,-1.555526938,-1.571219428,-0.793826412,-0.795738869,-0.789441433,-0.788596228,-0.789084038,-0.789767448
15.345,-1.637003375,-1.635848624,-1.632298959,-1.592465522,-1.616068072,-1.61640709,-0.803843962,-0.803317474,-0.795797382,-0.794689912,-0.795624754,-0.79580704
15.3925,-1.732445853,-1.698439495,-1.684371835,-1.628780114,-1.673093889,-1.662301056,-0.806829966,-0.809463513,-0.801814103,-0.800868821,-0.800890726,-0.801820023
15.44,-1.779806972,-1.756840599,-1.736915752,-1.666556521,-1.724251596,-1.709075884,-0.808454592,-0.814642654,-0.807593579,-0.807131142,-0.805893637,-0.807858634
15.4875,-1.814496253,-1.810091508,-1.789513498,-1.705949869,-1.772411854,-1.756965489,-0.812477435,-0.819662615,-0.8132579,-0.813475696,-0.811075531,-0.813956857
15.535,-1.851825415,-1.860752564,-1.842259866,-1.747139958,-1.81990694,-1.806221616,-0.817808636,-0.824882313,-0.818907246,-0.819902172,-0.816521007,-0.820137733
15.5825,-1.893457746,-1.910957367,-1.895493248,-1.790335998,-1.868054784,-1.857106119,-0.823765182,-0.830376522,-0.82461194,-0.826411392,-0.822216831,-0.826418083
15.63,-1.939125935,-1.96198731,-1.949642376,-1.835782236,-1.917610544,-1.90989658,-0.830073761,-0.836132369,-0.830418517,-0.833005583,-0.828137036,-0.832811342
15.6775,-1.988548878,-2.014610058,-2.005164976,-1.883764913,-1.969077767,-1.964897801,-0.836620075,-0.842123194,-0.836357953,-0.83968865,-0.834261803,-0.839329247
15.725,-2.041627895,-2.069350679,-2.062537633,-1.934621237,-2.022868149,-2.022457246,-0.843351955,-0.848327546,-0.842452088,-0.846466418,-0.84057933,-0.845982812
15.7725,-2.0984276,-2.126643565,-2.122270937,-1.98875148,-2.079385714,-2.082984972,-0.850244038,-0.854731836,-0.848717811,-0.85334681,-0.847084331,-0.852782857
15.82,-2.159152465,-2.186917263,-2.18493851,-2.046635874,-2.139079921,-2.146980112,-0.857283762,-0.861329145,-0.85516947,-0.860339898,-0.8537763,-0.859740189
15.8675,-2.224143191,-2.250649985,-2.25121767,-2.108858922,-2.202490308,-2.215067515,-0.864465074,-0.868117502,-0.861820014,-0.867457731,-0.860658038,-0.866865375
15.915,-2.293893274,-2.31841707,-2.32194531,-2.176145185,-2.270296047,-2.288050317,-0.871784968,-0.875098283,-0.868681072,-0.874713786,-0.867734256,-0.874167944
15.9625,-2.369086588,-2.390943908,-2.398197909,-2.249412971,-2.343381829,-2.366987976,-0.87924079,-0.882274602,-0.875761807,-0.88212172,-0.87500985,-0.881654499
16.01,-2.450661191,-2.469176262,-2.48141176,-2.329856362,-2.42293437,-2.453315662,-0.886827064,-0.889649247,-0.883065815,-0.889692851,-0.882487102,-0.889324748
16.0575,-2.539910838,-2.554383073,-2.573571902,-2.419072887,-2.510591901,-2.549032441,-0.894530495,-0.897221342,-0.890584216,-0.897431144,-0.890160373,-0.897163203
16.105,-2.638645366,-2.64831528,-2.677521101,-2.519266391,-2.608685355,-2.657006589,-0.90232094,-0.904980104,-0.898280548,-0.905323128,-0.898005235,-0.905121594
16.1525,-2.74944728,-2.75346113,-2.797483871,-2.633576411,-2.720641634,-2.781484062,-0.910133821,-0.912892236,-0.906056957,-0.913317008,-0.905954985,-0.913080364
16.2,-2.876089341,-2.873470824,-2.93998222,-2.766623506,-2.851679657,-2.928949661,-0.91783406,-0.920875063,-0.913674829,-0.921277587,-0.913847258,-0.920760409
16.2475,-3.024221416,-3.013883699,-3.115454059,-2.925419646,-3.010037763,-3.10956595,-0.925138091,-0.928736193,-0.920556562,-0.928884096,-0.921295208,-0.927509001
16.295,-3.202480556,-3.183393749,-3.340955884,-3.120842542,-3.20910465,-3.339292527,-0.931435328,-0.936029627,-0.925252339,-0.935384974,-0.92735395,-0.931746688
16.3425,-3.424081376,-3.39599051,-3.643083617,-3.369622154,-3.470528589,-3.640952493,-0.935353558,-0.941687748,-0.923895103,-0.938973707,-0.929587141,-0.929461971
16.39,-3.707772303,-3.673848618,-4.047892505,-3.694367877,-3.823788917,-4.029514379,-0.933642311,-0.943007369,-0.905643278,-0.935134642,-0.92130034,-0.910244614
16.4375,-4.069389999,-4.045445417,-4.462529881,-4.103955218,-4.261610577,-4.400834404,-0.918312972,-0.93271578,-0.843632973,-0.912544044,-0.884162212,-0.85155206
16.485,-4.455480887,-4.494302956,-4.251559169,-4.46984869,-4.454241568,-4.231832877,-0.871367667,-0.891553066,-0.728504904,-0.848708717,-0.788084665,-0.749977654
16.5325,-4.496657442,-4.66321652,-3.167994393,-4.261834164,-3.648798561,-3.314308362,-0.776372081,-0.79055737,-0.694561419,-0.746341415,-0.698177873,-0.710130955
16.58,-3.696376924,-3.814557436,-2.525323168,-3.3511177,-2.706688788,-2.661289299,-0.704302067,-0.700222684,-0.757753121,-0.708436382,-0.732519992,-0.758093045
16.6275,-2.834930032,-2.844425067,-2.402894483,-2.700165392,-2.40590213,-2.475946051,-0.736296453,-0.736262609,-0.820151069,-0.754812702,-0.801155667,-0.815861767
16.675,-2.515041251,-2.528785549,-2.464659253,-2.502718839,-2.41407287,-2.496590937,-0.80160992,-0.807810104,-0.864080827,-0.812539024,-0.852633929,-0.859794025
16.7225,-2.500236584,-2.536400142,-2.577695326,-2.517979015,-2.51333349,-2.586922259,-0.85446444,-0.862112826,-0.895481433,-0.857716931,-0.888459823,-0.892167607
16.77,-2.591780125,-2.641923643,-2.703091742,-2.610722667,-2.635379701,-2.699540806,-0.892849313,-0.900215369,-0.919578574,-0.891594246,-0.914840471,-0.917238514
16.8175,-2.715727058,-2.773098894,-2.830132782,-2.730763579,-2.760497102,-2.818921048,-0.921744562,-0.92850759,-0.939388998,-0.918085237,-0.93564416,-0.937835338
16.865,-2.848202981,-2.909314391,-2.956396877,-2.860626489,-2.882587499,-2.940207611,-0.944871275,-0.951088062,-0.956610604,-0.939963601,-0.953034226,-0.955653929
16.9125,-2.981978732,-3.045261714,-3.081950481,-2.994405063,-2.998913912,-3.062213436,-0.964478886,-0.970275494,-0.972239191,-0.958945612,-0.968334218,-0.971723877
16.96,-3.115341217,-3.180231346,-3.207578389,-3.130386386,-3.107676272,-3.1850475,-0.981915037,-0.987408428,-0.986893303,-0.976093052,-0.982625835,-0.986697624
17.0075,-3.248432623,-3.314893714,-3.33423338,-3.26844007,-3.209985776,-3.309278742,-0.998019345,-1.003301874,-1.000982648,-0.992086639,-0.997068062,-1.00101184
17.055,-3.38201066,-3.450299199,-3.462878439,-3.409059848,-3.313151928,-3.435639418,-1.013345476,-1.018485368,-1.014798845,-1.007384981,-1.012554956,-1.01497805
17.1025,-3.517028449,-3.587577799,-3.594462944,-3.553008835,-3.426520824,-3.564930349,-1.028284559,-1.033329584,-1.028567326,-1.022316005,-1.029009756,-1.028835749
17.15,-3.65450884,-3.727874323,-3.729949071,-3.701200916,-3.553006957,-3.698008585,-1.043136467,-1.04811746,-1.042479505,-1.037131319,-1.045768445,-1.04278573
17.1975,-3.795533975,-3.87237124,-3.870363378,-3.854684721,-3.690147659,-3.835815746,-1.058153998,-1.063087534,-1.056715103,-1.052040524,-1.062506891,-1.057013216
17.245,-3.941290234,-4.022354755,-4.016871541,-4.014683249,-3.835487726,-3.979436528,-1.073573446,-1.078463646,-1.071460239,-1.067234884,-1.079365296,-1.071706389
17.2925,-4.093155275,-4.179319261,-4.170887276,-4.182678826,-3.988439207,-4.130193435,-1.089639381,-1.094478928,-1.086925007,-1.082905803,-1.096685705,-1.087074081
17.34,-4.252838862,-4.345127723,-4.334240683,-4.360554385,-4.150004851,-4.289799058,-1.106628904,-1.111399282,-1.10336368,-1.099261561,-1.114870997,-1.103365746
17.3875,-4.422613639,-4.522270485,-4.509455133,-4.550823307,-4.322452206,-4.460610372,-1.124879965,-1.1295507,-1.121100916,-1.116544732,-1.134373489,-1.120897105
17.435,-4.6057122,-4.714308604,-4.700229853,-4.757013359,-4.509473306,-4.646074705,-1.144828732,-1.149354905,-1.140568129,-1.135051953,-1.15573907,-1.140085617
17.4825,-4.807049173,-4.926678823,-4.91232896,-4.984333795,-4.716966666,-4.851553653,-1.167062178,-1.171378252,-1.162354886,-1.155156219,-1.179678545,-1.161500792
17.53,-5.034611622,-5.168241426,-5.155314382,-5.240886007,-4.954823773,-5.085931835,-1.192392236,-1.196396888,-1.18727789,-1.177326794,-1.207163287,-1.18593273
17.5775,-5.302300578,-5.454435011,-5.446128265,-5.539960056,-5.240793798,-5.364947585,-1.22194972,-1.225466371,-1.216451643,-1.202124115,-1.239534075,-1.21446642
17.625,-5.636100177,-5.814083337,-5.816940172,-5.904567014,-5.609170756,-5.718502764,-1.257244974,-1.25991016,-1.251252093,-1.230084279,-1.278519018,-1.248466809
17.6725,-6.088181466,-6.304712477,-6.333045125,-6.37654644,-6.131124595,-6.207394207,-1.299886817,-1.300802073,-1.292629352,-1.261180442,-1.32558117,-1.288986952
17.72,-6.769207574,-7.045969888,-7.131743953,-7.03367202,-6.960271999,-6.960024414,-1.34942022,-1.345963457,-1.337186746,-1.292706432,-1.377679017,-1.333256578
17.7675,-7.904827203,-8.264501094,-8.464066354,-8.007375867,-8.384759617,-8.215119991,-1.392070063,-1.375858247,-1.358771039,-1.311502814,-1.406212761,-1.357938425
17.815,-9.723558652,-10.06376526,-10.30873064,-9.380522792,-10.37333767,-9.988260516,-1.35709958,-1.307707778,-1.255371595,-1.271505359,-1.295651659,-1.269216935
17.8625,-11.05460837,-10.93764747,-10.72528946,-10.46969437,-10.73924808,-10.51538673,-1.118171973,-1.05299453,-0.979739907,-1.097829478,-1.005073257,-1.010722753
17.91,-10.1068664,-9.810334984,-9.405697515,-9.948448679,-9.371429588,-9.312501255,-0.902720265,-0.88025246,-0.845626751,-0.903454875,-0.874703385,-0.873572848
17.9575,-8.949928203,-8.773905872,-8.459279625,-8.879263055,-8.434585508,-8.4001667,-0.871902711,-0.868948084,-0.852940923,-0.853497719,-0.883780428,-0.876180457
18.005,-8.3886791,-8.305328555,-8.065142624,-8.265715333,-8.045597254,-8.016538945,-0.902453942,-0.903020199,-0.891072261,-0.878926489,-0.922257337,-0.911601921
18.0525,-8.212846284,-8.180643014,-7.979172585,-8.053224662,-7.961133123,-7.934261532,-0.939681379,-0.939658689,-0.927841703,-0.917992058,-0.959770952,-0.946811743
18.1,-8.245736787,-8.241159991,-8.057885126,-8.0705701,-8.042749791,-8.014033035,-0.972032424,-0.970451923,-0.957984862,-0.953354874,-0.991265986,-0.976052737
18.1475,-8.398989919,-8.408315733,-8.232817475,-8.218276186,-8.224506092,-8.188844056,-0.99824665,-0.994899721,-0.981793827,-0.982215888,-1.016928737,-0.999374622
18.195,-8.629799609,-8.643684908,-8.471013992,-8.446561209,-8.474828172,-8.426380811,-1.018973286,-1.013887724,-1.000313307,-1.005039818,-1.037712262,-1.017687396
18.2425,-8.916734804,-8.927858742,-8.756031433,-8.730627502,-8.778392995,-8.710541959,-1.034961262,-1.028316678,-1.014407312,-1.022710039,-1.054454312,-1.031769826
18.29,-9.248729802,-9.251079116,-9.079496187,-9.057957453,-9.127951588,-9.033191562,-1.046722131,-1.038865563,-1.024643831,-1.035917109,-1.067772886,-1.042127648
18.3375,-9.620025025,-9.60906892,-9.437200131,-9.422304922,-9.520268464,-9.39036794,-1.054508035,-1.045965049,-1.031332719,-1.045075798,-1.078113253,-1.049017206
18.385,-10.02770061,-10.00090416,-9.827145104,-9.82079367,-9.953608193,-9.780436309,-1.058342305,-1.049781922,-1.034573413,-1.05034946,-1.085779346,-1.05248536
18.4325,-10.47035148,-10.4275624,-10.24843375,-10.25243705,-10.42595286,-10.20312028,-1.058044434,-1.05020194,-1.034282043,-1.051681445,-1.090857028,-1.052396075
18.48,-10.94722548,-10.89077862,-10.70053674,-10.7173135,-10.93460747,-10.65893763,-1.053239053,-1.046834801,-1.030187934,-1.048812222,-1.092997344,-1.048440425
18.5275,-11.45740657,-11.39225796,-11.18281698,-11.21603169,-11.47816268,-11.14880745,-1.043351774,-1.039038874,-1.021792057,-1.04127959,-1.091239361,-1.040131602
18.575,-11.99855655,-11.9332184,-11.69444957,-11.74928587,-12.05905108,-11.67369286,-1.027609964,-1.025937848,-1.008298124,-1.028403129,-1.084152422,-1.026786737
18.6225,-12.56409732,-12.5140309,-12.2347885,-12.31736305,-12.6831111,-12.23417268,-1.005141633,-1.006407505,-0.988576225,-1.009254775,-1.070157416,-1.007497273
18.67,-13.13563306,-13.13365651,-12.80343935,-12.9194704,-13.35640267,-12.82982823,-0.975801032,-0.97903224,-0.961228986,-0.982618906,-1.047590911,-0.981090909
18.7175,-13.68149439,-13.78860937,-13.39886046,-13.55272527,-14.08219286,-13.45829673,-0.946940214,-0.942047777,-0.924702794,-0.946950015,-1.014461797,-0.946092384
18.765,-14.53210143,-14.47119063,-14.01566455,-14.21061158,-14.85862735,-14.11379392,-0.929397709,-0.893301284,-0.877306346,-0.90034741,-0.968148033,-0.900700383
18.8125,-15.46123172,-15.1667548,-14.64186338,-14.88069905,-15.67547192,-14.78488077,-0.845139028,-0.830287327,-0.81717408,-0.840589679,-0.905199671,-0.842817732
18.86,-16.15216562,-15.84997544,-15.25642489,-15.54156992,-16.5083209,-15.45135553,-0.748107202,-0.75036903,-0.742370397,-0.765311841,-0.821376699,-0.770205325
18.9075,-16.76284211,-16.48087063,-15.82710359,-16.1594659,-17.30981792,-16.08066264,-0.638059694,-0.65135676,-0.651293547,-0.672457313,-0.71222637,-0.680870405
18.955,-17.2556211,-17.00321112,-16.30980226,-16.68650197,-18.00091424,-16.62553902,-0.510398403,-0.53260693,-0.543444742,-0.561140747,-0.574764435,-0.573806015
19.0025,-17.56266835,-17.35035073,-16.65241914,-17.06417832,-18.47320241,-17.02672409,-0.366711001,-0.396512239,-0.420453025,-0.432875251,-0.410622344,-0.450068449
19.05,-17.62513776,-17.46277942,-16.80593453,-17.23608027,-18.61956212,-17.22519633,-0.213755248,-0.249541178,-0.286872121,-0.292615458,-0.229261346,-0.313800277
19.0975,-17.42035254,-17.31247969,-16.74080658,-17.16797387,-18.39031784,-17.18285505,-0.061735118,-0.101463402,-0.14993914,-0.148556622,-0.047220184,-0.172328506
19.145,-16.97350612,-16.91698148,-16.45945158,-16.8634684,-17.82687325,-16.8996998,0.079162352,0.037568208,-0.017891633,-0.010087473,0.118563534,-0.034606499
19.1925,-16.34447298,-16.33037459,-15.99513707,-16.3623038,-17.03338642,-16.41350482,0.2020234,0.160227054,0.102351074,0.11506741,0.257822672,0.09143803
19.24,-15.60216153,-15.6197176,-15.39820047,-15.72279315,-16.12008337,-15.78260229,0.304209746,0.263317098,0.206689053,0.222598474,0.368315374,0.200906376
19.2875,-14.80527111,-14.84498867,-14.71996761,-15.00241694,-15.16930481,-15.06581157,0.386337703,0.34701101,0.293898209,0.311521768,0.452800562,0.292213783
19.335,-13.99559244,-14.05063092,-14.00275202,-14.24683278,-14.23116575,-14.31052093,0.450701619,0.413332201,0.364767494,0.383037115,0.515785068,0.366142277
19.3825,-13.19947422,-13.2657061,-13.27697409,-13.48759812,-13.3319638,-13.54980584,0.500093133,0.464919768,0.421106871,0.439343532,0.561713405,0.424667972
19.43,-12.4319638,-12.5073928,-12.56246867,-12.744433,-12.48341242,-12.80448873,0.537176869,0.504342909,0.465034894,0.482854333,0.59431901,0.470116243
19.4775,-11.7007322,-11.78474035,-11.87114475,-12.02859461,-11.6891536,-12.08653964,0.564250598,0.533829879,0.498589559,0.515805478,0.616539097,0.504710026
19.525,-11.00895392,-11.10163723,-11.2095159,-11.3458076,-10.94866988,-11.40210597,0.583203358,0.55521787,0.523564785,0.540113813,0.63062611,0.530388065
19.5725,-10.35719389,-10.45888896,-10.58063277,-10.69837938,-10.25946411,-10.75372455,0.595554915,0.569991838,0.541470788,0.557361057,0.638296547,0.548766823
19.62,-9.74457331,-9.855575651,-9.985415235,-10.08659696,-9.618222956,-10.1417909,0.602518654,0.579346018,0.553551093,0.568829238,0.640863095,0.561165134
19.6675,-9.169465547,-9.289893143,-9.42352123,-9.509605747,-9.021416888,-9.565486263,0.605063579,0.584242367,0.5608198,0.57555061,0.639338216,0.568649473
19.715,-8.629901415,-8.759649662,-8.893895202,-8.965946291,-8.465595674,-9.023344628,0.603967193,0.585459078,0.564101968,0.578356201,0.634511393,0.572080915
19.7625,-8.123799453,-8.26254521,-8.395106699,-8.453874941,-7.947522375,-8.513591835,0.59985786,0.583629071,0.564070179,0.577917489,0.627005614,0.572156586
19.81,-7.649092602,-7.796320311,-7.925555522,-7.971551331,-7.464223106,-8.034343996,0.593247737,0.579270145,0.561275191,0.574780189,0.617318434,0.569443819
19.8575,-7.203794177,-7.358829112,-7.483593433,-7.517144821,-7.012994131,-7.583720378,0.584558033,0.572808541,0.556170687,0.569390914,0.605851893,0.564407334
19.905,-6.786028781,-6.948070184,-7.067594238,-7.08889219,-6.59138853,-7.15990483,0.574138282,0.564597352,0.549132874,0.562117919,0.592934439,0.557430529
19.9525,-6.39404332,-6.562194478,-6.675992243,-6.68512628,-6.1971942,-6.761176587,0.562281047,0.554930925,0.540475855,0.553267168,0.578837118,0.548832027
20,-6.026207091,-6.199501534,-6.307301519,-6.304287608,-5.828409297,-6.385923103,0.549233178,0.544056149,0.530463666,0.543094766,0.563785649,0.538878523
