"tumor_rad [mm]","Freq [GHz]","dB(St(pin_T1,pin_T1)) []"
0.5,1,-0.000653407369388556
0.5,1.0475,-0.00080193638874131
0.5,1.095,-0.000948444968018535
0.5,1.1425,-0.00109263321347589
0.5,1.19,-0.00123426352188006
0.5,1.2375,-0.00137315450274717
0.5,1.285,-0.00150917495453556
0.5,1.3325,-0.00164223803535694
0.5,1.38,-0.00177229572987683
0.5,1.4275,-0.00189933368094874
0.5,1.475,-0.00202336642745897
0.5,1.5225,-0.00214443306812065
0.5,1.57,-0.00226259335425572
0.5,1.6175,-0.00237792420209263
0.5,1.665,-0.0024905166062849
0.5,1.7125,-0.00260047293016333
0.5,1.76,-0.00270790454490694
0.5,1.8075,-0.00281292978766507
0.5,1.855,-0.00291567220840952
0.5,1.9025,-0.00301625907571589
0.5,1.95,-0.00311482011295847
0.5,1.9975,-0.0032114864380526
0.5,2.045,-0.00330638968187919
0.5,2.0925,-0.00339966126262313
0.5,2.14,-0.00349143179540859
0.5,2.1875,-0.0035818306186362
0.5,2.235,-0.00367098542065282
0.5,2.2825,-0.00375902195197532
0.5,2.33,-0.0038460638103059
0.5,2.3775,-0.00393223228706402
0.5,2.425,-0.00401764626554266
0.5,2.4725,-0.00410242216225279
0.5,2.52,-0.00418667390405712
0.5,2.5675,-0.00427051293477292
0.5,2.615,-0.00435404824579961
0.5,2.6625,-0.00443738642612489
0.5,2.71,-0.00452063172784738
0.5,2.7575,-0.0046038861437492
0.5,2.805,-0.00468724949421286
0.5,2.8525,-0.00477081952102259
0.5,2.9,-0.00485469198616845
0.5,2.9475,-0.00493896077394778
0.5,2.995,-0.00502371799496913
0.5,3.0425,-0.00510905409105016
0.5,3.09,-0.00519505794002843
0.5,3.1375,-0.00528181695975628
0.5,3.185,-0.00536941721073219
0.5,3.2325,-0.00545794349689434
0.5,3.28,-0.00554747946422788
0.5,3.3275,-0.00563810769696229
0.5,3.375,-0.00572990981108675
0.5,3.4225,-0.00582296654519354
0.5,3.47,-0.00591735784843914
0.5,3.5175,-0.00601316296572184
0.5,3.565,-0.00611046051995737
0.5,3.6125,-0.00620932859160168
0.5,3.66,-0.00630984479539963
0.5,3.7075,-0.00641208635445603
0.5,3.755,-0.00651613017171185
0.5,3.8025,-0.00662205289894926
0.5,3.85,-0.00672993100338326
0.5,3.8975,-0.00683984083200212
0.5,3.945,-0.00695185867372232
0.5,3.9925,-0.00706606081950768
0.5,4.04,-0.00718252362057239
0.5,4.0875,-0.00730132354476756
0.5,4.135,-0.00742253723125857
0.5,4.1825,-0.00754624154365362
0.5,4.23,-0.0076725136216512
0.5,4.2775,-0.00780143093134387
0.5,4.325,-0.00793307131427127
0.5,4.3725,-0.0080675130353277
0.5,4.42,-0.00820483482966772
0.5,4.4675,-0.00834511594864648
0.5,4.515,-0.00848843620490353
0.5,4.5625,-0.00863487601677278
0.5,4.61,-0.00878451645196504
0.5,4.6575,-0.00893743927071756
0.5,4.705,-0.00909372696846521
0.5,4.7525,-0.00925346281811094
0.5,4.8,-0.00941673091198208
0.5,4.8475,-0.00958361620353562
0.5,4.895,-0.009754204548906
0.5,4.9425,-0.00992858274838946
0.5,4.99,-0.0101068385878533
0.5,5.0375,-0.0102890608802615
0.5,5.085,-0.0104753395072594
0.5,5.1325,-0.010665765460983
0.5,5.18,-0.010860430886126
0.5,5.2275,-0.0110594291222597
0.5,5.275,-0.0112628547466168
0.5,5.3225,-0.0114708036172445
0.5,5.37,-0.0116833729166857
0.5,5.4175,-0.0119006611962157
0.5,5.465,-0.0121227684206892
0.5,5.5125,-0.0123497960140813
0.5,5.56,-0.0125818469057454
0.5,5.6075,-0.012819025577472
0.5,5.655,-0.0130614381113899
0.5,5.7025,-0.0133091922387963
0.5,5.75,-0.0135623973899269
0.5,5.7975,-0.0138211647447741
0.5,5.845,-0.0140856072849683
0.5,5.8925,-0.0143558398468063
0.5,5.94,-0.0146319791755059
0.5,5.9875,-0.0149141439806591
0.5,6.035,-0.0152024549930738
0.5,6.0825,-0.0154970350229447
0.5,6.13,-0.0157980090195058
0.5,6.1775,-0.0161055041321523
0.5,6.225,-0.0164196497731532
0.5,6.2725,-0.0167405776820072
0.5,6.32,-0.0170684219914653
0.5,6.3675,-0.0174033192953436
0.5,6.415,-0.0177454087181918
0.5,6.4625,-0.0180948319868204
0.5,6.51,-0.018451733503843
0.5,6.5575,-0.0188162604232602
0.5,6.605,-0.0191885627281748
0.5,6.6525,-0.0195687933107053
0.5,6.7,-0.0199571080541926
0.5,6.7475,-0.0203536659177611
0.5,6.795,-0.0207586290233519
0.5,6.8425,-0.0211721627452654
0.5,6.89,-0.0215944358023413
0.5,6.9375,-0.0220256203528708
0.5,6.985,-0.0224658920922765
0.5,7.0325,-0.0229154303537498
0.5,7.08,-0.0233744182118439
0.5,7.1275,-0.0238430425892302
0.5,7.175,-0.024321494366593
0.5,7.2225,-0.0248099684959363
0.5,7.27,-0.0253086641172452
0.5,7.3175,-0.0258177846787603
0.5,7.365,-0.0263375380608729
0.5,7.4125,-0.0268681367038528
0.5,7.46,-0.0274097977394809
0.5,7.5075,-0.0279627431267167
0.5,7.555,-0.0285271997916034
0.5,7.6025,-0.0291033997714471
0.5,7.65,-0.0296915803635147
0.5,7.6975,-0.0302919842783331
0.5,7.745,-0.0309048597977679
0.5,7.7925,-0.0315304609380559
0.5,7.84,-0.032169047617931
0.5,7.8875,-0.0328208858320306
0.5,7.935,-0.0334862478297542
0.5,7.9825,-0.0341654122997595
0.5,8.03,-0.0348586645602883
0.5,8.0775,-0.0355662967555051
0.5,8.125,-0.0362886080580566
0.5,8.1725,-0.0370259048780797
0.5,8.22,-0.0377785010788505
0.5,8.2675,-0.0385467181992922
0.5,8.315,-0.0393308856836132
0.5,8.3625,-0.0401313411182626
0.5,8.41,-0.0409484304765026
0.5,8.4575,-0.0417825083708079
0.5,8.505,-0.0426339383133894
0.5,8.5525,-0.0435030929850928
0.5,8.6,-0.0443903545129858
0.5,8.6475,-0.0452961147569001
0.5,8.695,-0.0462207756052328
0.5,8.7425,-0.0471647492803386
0.5,8.79,-0.048128458653825
0.5,8.8375,-0.0491123375721139
0.5,8.885,-0.0501168311925247
0.5,8.9325,-0.0511423963304109
0.5,8.98,-0.0521895018175189
0.5,9.0275,-0.0532586288721224
0.5,9.075,-0.0543502714812249
0.5,9.1225,-0.0554649367953036
0.5,9.17,-0.0566031455359912
0.5,9.2175,-0.0577654324171289
0.5,9.265,-0.0589523465796867
0.5,9.3125,-0.0601644520409922
0.5,9.36,-0.0614023281587381
0.5,9.4075,-0.0626665701103594
0.5,9.455,-0.0639577893881676
0.5,9.5025,-0.0652766143109623
0.5,9.55,-0.0666236905525347
0.5,9.5975,-0.0679996816804645
0.5,9.645,-0.0694052697547277
0.5,9.6925,-0.0708411558437601
0.5,9.74,-0.072308060691741
0.5,9.7875,-0.07380672530946
0.5,9.835,-0.0753379116234133
0.5,9.8825,-0.0769024031404603
0.5,9.93,-0.0785010056346815
0.5,9.9775,-0.0801345478572218
0.5,10.025,-0.081803882269981
0.5,10.0725,-0.0835098858039617
0.5,10.12,-0.0852534606431695
0.5,10.1675,-0.0870355350349654
0.5,10.215,-0.0888570641278207
0.5,10.2625,-0.0907190308374839
0.5,10.31,-0.0926224467425911
0.5,10.3575,-0.0945683530108241
0.5,10.405,-0.0965578213567304
0.5,10.4525,-0.0985919550324222
0.5,10.5,-0.100671889852412
0.5,10.5475,-0.10279879525393
0.5,10.595,-0.104973875394121
0.5,10.6425,-0.107198370285587
0.5,10.69,-0.109473556971899
0.5,10.7375,-0.111800750744726
0.5,10.785,-0.1141813064044
0.5,10.8325,-0.116616619565829
0.5,10.88,-0.11910812801181
0.5,10.9275,-0.121657313095988
0.5,10.975,-0.124265701197839
0.5,11.0225,-0.126934865232276
0.5,11.07,-0.129666426216712
0.5,11.1175,-0.132462054898645
0.5,11.165,-0.135323473447124
0.5,11.2125,-0.138252457211824
0.5,11.26,-0.141250836553704
0.5,11.3075,-0.144320498751848
0.5,11.355,-0.147463389991296
0.5,11.4025,-0.150681517437515
0.5,11.45,-0.15397695140346
0.5,11.4975,-0.157351827616175
0.5,11.545,-0.160808349590417
0.5,11.5925,-0.164348791117902
0.5,11.64,-0.167975498881627
0.5,11.6875,-0.171690895206019
0.5,11.735,-0.175497480954952
0.5,11.7825,-0.179397838591095
0.5,11.83,-0.183394635411922
0.5,11.8775,-0.187490626979553
0.5,11.925,-0.191688660763757
0.5,11.9725,-0.195991680020086
0.5,12.02,-0.200402727927774
0.5,12.0675,-0.20492495201526
0.5,12.115,-0.20956160890485
0.5,12.1625,-0.214316069411864
0.5,12.21,-0.219191824038387
0.5,12.2575,-0.224192488906534
0.5,12.305,-0.229321812182006
0.5,12.3525,-0.234583681044853
0.5,12.4,-0.23998212927144
0.5,12.4475,-0.245521345499217
0.5,12.495,-0.251205682254565
0.5,12.5425,-0.257039665833151
0.5,12.59,-0.263028007132482
0.5,12.6375,-0.269175613547375
0.5,12.685,-0.275487602050917
0.5,12.7325,-0.281969313596115
0.5,12.78,-0.28862632898703
0.5,12.8275,-0.295464486382004
0.5,12.875,-0.302489900606245
0.5,12.9225,-0.309708984465691
0.5,12.97,-0.3171284722687
0.5,13.0175,-0.324755445776165
0.5,13.065,-0.332597362813893
0.5,13.1125,-0.340662088792352
0.5,13.16,-0.34895793138816
0.5,13.2075,-0.35749367864719
0.5,13.255,-0.366278640770828
0.5,13.3025,-0.375322695842525
0.5,13.35,-0.384636339740926
0.5,13.3975,-0.394230740466426
0.5,13.445,-0.404117797078984
0.5,13.4925,-0.414310203404562
0.5,13.54,-0.424821516614482
0.5,13.5875,-0.435666230715034
0.5,13.635,-0.446859854902974
0.5,13.6825,-0.458418996645794
0.5,13.73,-0.470361449234328
0.5,13.7775,-0.482706283430824
0.5,13.825,-0.495473942700656
0.5,13.8725,-0.508686341374564
0.5,13.92,-0.52236696494679
0.5,13.9675,-0.536540971579994
0.5,14.015,-0.551235293770893
0.5,14.0625,-0.566478739041963
0.5,14.11,-0.582302088478595
0.5,14.1575,-0.598738191941601
0.5,14.205,-0.6158220588682
0.5,14.2525,-0.633590943745131
0.5,14.3,-0.652084425609804
0.5,14.3475,-0.671344481321472
0.5,14.395,-0.691415552852011
0.5,14.4425,-0.712344609480378
0.5,14.49,-0.734181206534373
0.5,14.5375,-0.756977543203175
0.5,14.585,-0.780788522934013
0.5,14.6325,-0.805671821014474
0.5,14.68,-0.831687965116197
0.5,14.7275,-0.858900435828726
0.5,14.775,-0.887375795546506
0.5,14.8225,-0.917183855504858
0.5,14.87,-0.948397892335123
0.5,14.9175,-0.981094927298626
0.5,14.965,-1.01535608348241
0.5,15.0125,-1.05126703887154
0.5,15.06,-1.08891859660307
0.5,15.1075,-1.12840739820268
0.5,15.155,-1.16983681168891
0.5,15.2025,-1.21331803476667
0.5,15.25,-1.2589714648517
0.5,15.2975,-1.30692840368283
0.5,15.345,-1.35733318667365
0.5,15.3925,-1.41034585867491
0.5,15.44,-1.46614556253814
0.5,15.4875,-1.52493487093262
0.5,15.535,-1.58694538469727
0.5,15.5825,-1.65244505731382
0.5,15.63,-1.72174790823504
0.5,15.6775,-1.79522709560717
0.5,15.725,-1.8733327938081
0.5,15.7725,-1.95661706837133
0.5,15.82,-2.04576914146015
0.5,15.8675,-2.14166641434296
0.5,15.915,-2.24544993489728
0.5,15.9625,-2.35863872896299
0.5,16.01,-2.48330754607244
0.5,16.0575,-2.62237087389953
0.5,16.105,-2.78004957078464
0.5,16.1525,-2.96265703207186
0.5,16.2,-3.17994182007234
0.5,16.2475,-3.44732311962556
0.5,16.295,-3.78898903965749
0.5,16.3425,-4.23770013534478
0.5,16.39,-4.79917215407243
0.5,16.4375,-5.2296984322068
0.5,16.485,-4.73334312889422
0.5,16.5325,-3.55847878985411
0.5,16.58,-2.91593068106082
0.5,16.6275,-2.77929977367955
0.5,16.675,-2.85169677751135
0.5,16.7225,-2.99787076711684
0.5,16.77,-3.17002389958214
0.5,16.8175,-3.35176192103496
0.5,16.865,-3.53760614596951
0.5,16.9125,-3.72598878890734
0.5,16.96,-3.91677434033628
0.5,17.0075,-4.11034271769566
0.5,17.055,-4.30724203723179
0.5,17.1025,-4.50806159812105
0.5,17.15,-4.71339623332948
0.5,17.1975,-4.92385446789034
0.5,17.245,-5.14009646950683
0.5,17.2925,-5.36290587482851
0.5,17.34,-5.59331640583271
0.5,17.3875,-5.832840874906
0.5,17.435,-6.08390475569905
0.5,17.4825,-6.35071056755057
0.5,17.53,-6.6410610488803
0.5,17.5775,-6.97044640562278
0.5,17.625,-7.37178573282814
0.5,17.6725,-7.91963759803939
0.5,17.72,-8.78688528750544
0.5,17.7675,-10.3049946110569
0.5,17.815,-12.4065529402181
0.5,17.8625,-13.002056622515
0.5,17.91,-12.0857703507706
0.5,17.9575,-11.3901739177772
0.5,18.005,-11.0871451782249
0.5,18.0525,-11.0206977102946
0.5,18.1,-11.0852679695324
0.5,18.1475,-11.2235544150728
0.5,18.195,-11.4036188060727
0.5,18.2425,-11.60620602112
0.5,18.29,-11.8185700060089
0.5,18.3375,-12.0314490803189
0.5,18.385,-12.237550295172
0.5,18.4325,-12.4307898784177
0.5,18.48,-12.605935426551
0.5,18.5275,-12.7584724516362
0.5,18.575,-12.8845969262639
0.5,18.6225,-12.9812710055472
0.5,18.67,-13.0462961347299
0.5,18.7175,-13.0783684972324
0.5,18.765,-13.0770920652159
0.5,18.8125,-13.0429362718817
0.5,18.86,-12.9771377534514
0.5,18.9075,-12.8815565427805
0.5,18.955,-12.7585043641133
0.5,19.0025,-12.6105651820151
0.5,19.05,-12.4404262545943
0.5,19.0975,-12.2507331005416
0.5,19.145,-12.0439758635284
0.5,19.1925,-11.8224091077399
0.5,19.24,-11.5880030228358
0.5,19.2875,-11.3424216187752
0.5,19.335,-11.0870225543069
0.5,19.3825,-10.8228733540793
0.5,19.43,-10.5507794873323
0.5,19.4775,-10.2713207427834
0.5,19.525,-9.98489328785157
0.5,19.5725,-9.69175559775336
0.5,19.62,-9.39207701023363
0.5,19.6675,-9.0859879855118
0.5,19.715,-8.77363123949127
0.5,19.7625,-8.45521280092198
0.5,19.81,-8.13105176168428
0.5,19.8575,-7.8016270957336
0.5,19.905,-7.4676194790852
0.5,19.9525,-7.12994562389766
0.5,20,-6.78978232773495
1,1,-0.000653743001553726
1,1.0475,-0.000631791320756465
1,1.095,-0.00061731152194297
1,1.1425,-0.000609390146864031
1,1.19,-0.000607281162662797
1,1.2375,-0.000610371466846014
1,1.285,-0.000618154319438895
1,1.3325,-0.000630208722345202
1,1.38,-0.000646183284089289
1,1.4275,-0.000665783503806773
1,1.475,-0.000688761678457361
1,1.5225,-0.000714908838421133
1,1.57,-0.000744048262650654
1,1.6175,-0.000776030232356279
1,1.665,-0.000810727762147941
1,1.7125,-0.000848033107453551
1,1.76,-0.000887854892111881
1,1.8075,-0.000930115734268202
1,1.855,-0.000974750274830549
1,1.9025,-0.00102170353289931
1,1.95,-0.00107092952801036
1,1.9975,-0.00112239012119156
1,2.045,-0.00117605403634985
1,2.0925,-0.00123189603082991
1,2.14,-0.00128989618993093
1,2.1875,-0.00135003932493864
1,2.235,-0.00141231445770631
1,2.2825,-0.00147671437819059
1,2.33,-0.00154323526342584
1,2.3775,-0.00161187634859129
1,2.425,-0.00168263964229351
1,2.4725,-0.00175552967961171
1,2.52,-0.00183055330738754
1,2.5675,-0.00190771949716998
1,2.615,-0.00198703918203305
1,2.6625,-0.00206852511391231
1,2.71,-0.00215219173875131
1,2.7575,-0.00223805508710782
1,2.805,-0.00232613267819
1,2.8525,-0.00241644343566491
1,2.9,-0.00250900761370495
1,2.9475,-0.00260384673209894
1,2.995,-0.00270098351930144
1,3.0425,-0.00280044186244647
1,3.09,-0.00290224676365453
1,3.1375,-0.0030064243017613
1,3.185,-0.00311300159902558
1,3.2325,-0.0032220067921703
1,3.28,-0.00333346900736837
1,3.3275,-0.00344741833876344
1,3.375,-0.00356388583014987
1,3.4225,-0.00368290345953989
1,3.47,-0.0038045041263396
1,3.5175,-0.00392872164089
1,3.565,-0.00405559071621404
1,3.6125,-0.00418514696169509
1,3.66,-0.00431742687866108
1,3.7075,-0.00445246785763817
1,3.755,-0.00459030817715456
1,3.8025,-0.0047309870040833
1,3.85,-0.00487454439529653
1,3.8975,-0.00502102130067884
1,3.945,-0.00517045956730893
1,3.9925,-0.00532290194488619
1,4.04,-0.0054783920921931
1,4.0875,-0.00563697458468453
1,4.135,-0.00579869492306713
1,4.1825,-0.00596359954291856
1,4.23,-0.00613173582522911
1,4.2775,-0.00630315210792108
1,4.325,-0.00647789769826719
1,4.3725,-0.00665602288626252
1,4.42,-0.00683757895883839
1,4.4675,-0.00702261821502293
1,4.515,-0.00721119398194253
1,4.5625,-0.00740336063174775
1,4.61,-0.00759917359939367
1,4.6575,-0.00779868940130413
1,4.705,-0.00800196565497555
1,4.7525,-0.00820906109940099
1,4.8,-0.00842003561647738
1,4.8475,-0.008634950253297
1,4.895,-0.00885386724536254
1,4.9425,-0.0090768500407659
1,4.99,-0.00930396332532468
1,5.0375,-0.00953527304870904
1,5.085,-0.00977084645153928
1,5.1325,-0.0100107520935409
1,5.18,-0.0102550598827214
1,5.2275,-0.0105038411056167
1,5.275,-0.0107571684586404
1,5.3225,-0.0110151160805555
1,5.37,-0.0112777595860674
1,5.4175,-0.0115451761006471
1,5.465,-0.0118174442965134
1,5.5125,-0.0120946444298986
1,5.56,-0.0123768583795685
1,5.6075,-0.0126641696866762
1,5.655,-0.0129566635959674
1,5.7025,-0.0132544270983417
1,5.75,-0.0135575489749313
1,5.7975,-0.0138661198425592
1,5.845,-0.0141802322007872
1,5.8925,-0.0144999804805201
1,5.94,-0.0148254610942146
1,5.9875,-0.0151567724877447
1,6.035,-0.0154940151940285
1,6.0825,-0.0158372918883993
1,6.13,-0.0161867074457867
1,6.1775,-0.0165423689998605
1,6.225,-0.0169043860040364
1,6.2725,-0.0172728702945633
1,6.32,-0.0176479361556438
1,6.3675,-0.0180297003867422
1,6.415,-0.0184182823720817
1,6.4625,-0.0188138041524393
1,6.51,-0.0192163904993028
1,6.5575,-0.0196261689915126
1,6.605,-0.0200432700943711
1,6.6525,-0.0204678272414098
1,6.7,-0.0208999769188574
1,6.7475,-0.0213398587528727
1,6.795,-0.0217876155996975
1,6.8425,-0.0222433936387808
1,6.89,-0.0227073424690147
1,6.9375,-0.0231796152081318
1,6.985,-0.0236603685954372
1,7.0325,-0.0241497630979906
1,7.08,-0.0246479630202517
1,7.1275,-0.0251551366174659
1,7.175,-0.0256714562128353
1,7.2225,-0.0261970983185838
1,7.27,-0.0267322437611136
1,7.3175,-0.0272770778103809
1,7.365,-0.0278317903136256
1,7.4125,-0.0283965758336146
1,7.46,-0.0289716337915807
1,7.5075,-0.0295571686149897
1,7.555,-0.0301533898903495
1,7.6025,-0.0307605125212236
1,7.65,-0.0313787568916206
1,7.6975,-0.0320083490350081
1,7.745,-0.0326495208090722
1,7.7925,-0.0333025100765365
1,7.84,-0.033967560892189
1,7.8875,-0.0346449236963417
1,7.935,-0.0353348555150247
1,7.9825,-0.0360376201671119
1,8.03,-0.0367534884786293
1,8.0775,-0.037482738504573
1,8.125,-0.038225655758431
1,8.1725,-0.0389825334497969
1,8.22,-0.0397536727302759
1,8.2675,-0.0405393829480786
1,8.315,-0.041339981911593
1,8.3625,-0.0421557961622894
1,8.41,-0.0429871612572525
1,8.4575,-0.0438344220618462
1,8.505,-0.0446979330527083
1,8.5525,-0.0455780586316562
1,8.6,-0.0464751734507704
1,8.6475,-0.0473896627491846
1,8.695,-0.0483219227019656
1,8.7425,-0.0492723607816057
1,8.79,-0.0502413961325587
1,8.8375,-0.051229459959364
1,8.885,-0.0522369959288269
1,8.9325,-0.0532644605869107
1,8.98,-0.0543123237907433
1,9.0275,-0.0553810691564715
1,9.075,-0.0564711945235036
1,9.1225,-0.0575832124357626
1,9.17,-0.0587176506406626
1,9.2175,-0.0598750526064247
1,9.265,-0.0610559780584927
1,9.3125,-0.0622610035357613
1,9.36,-0.0634907229673599
1,9.4075,-0.0647457482708156
1,9.455,-0.0660267099723939
1,9.5025,-0.0673342578504839
1,9.55,-0.0686690616121245
1,9.5975,-0.0700318115367444
1,9.645,-0.0714232192928403
1,9.6925,-0.0728440185812736
1,9.74,-0.0742949659591267
1,9.7875,-0.075776841629649
1,9.835,-0.0772904502727315
1,9.8825,-0.0788366219060777
1,9.93,-0.0804162127782331
1,9.9775,-0.0820301062944978
1,10.025,-0.0836792139769541
1,10.0725,-0.0853644764596434
1,10.12,-0.087086864520084
1,10.1675,-0.0888473801482819
1,10.215,-0.0906470576543056
1,10.2625,-0.0924869648156649
1,10.31,-0.0943682040654891
1,10.3575,-0.0962919137226591
1,10.405,-0.0982592692649044
1,10.4525,-0.100271484645793
1,10.5,-0.102329813656576
1,10.5475,-0.104435551333629
1,10.595,-0.106590035412149
1,10.6425,-0.108794647826669
1,10.69,-0.111050816258586
1,10.7375,-0.113360015730961
1,10.785,-0.115723770250206
1,10.8325,-0.118143654494264
1,10.88,-0.120621295546255
1,10.9275,-0.123158374672235
1,10.975,-0.125756629141038
1,11.0225,-0.128417854083596
1,11.07,-0.131143904388258
1,11.1175,-0.133936696627747
1,11.165,-0.136798211012329
1,11.2125,-0.139730493362381
1,11.26,-0.142735657092147
1,11.3075,-0.145815885194675
1,11.355,-0.148973432215843
1,11.4025,-0.152210626202972
1,11.45,-0.155529870610813
1,11.4975,-0.158933646144242
1,11.545,-0.162424512513376
1,11.5925,-0.166005110072222
1,11.64,-0.169678161306957
1,11.6875,-0.173446472133779
1,11.735,-0.177312932959585
1,11.7825,-0.181280519450424
1,11.83,-0.185352292943692
1,11.8775,-0.189531400429268
1,11.925,-0.193821074012613
1,11.9725,-0.19822462975898
1,12.02,-0.202745465802159
1,12.0675,-0.207387059583209
1,12.115,-0.212152964064904
1,12.1625,-0.217046802745502
1,12.21,-0.222072263271431
1,12.2575,-0.22723308942286
1,12.305,-0.232533071219316
1,12.3525,-0.237976032865914
1,12.4,-0.243565818235703
1,12.4475,-0.249306273563031
1,12.495,-0.25520122701037
1,12.5425,-0.261254464772322
1,12.59,-0.267469703403623
1,12.6375,-0.273850558113673
1,12.685,-0.280400506874181
1,12.7325,-0.287122850359207
1,12.78,-0.294020668005875
1,12.8275,-0.301096770885398
1,12.875,-0.308353652653299
1,12.9225,-0.315793440661339
1,12.97,-0.323417850428649
1,13.0175,-0.331228148159962
1,13.065,-0.339225127939562
1,13.1125,-0.347409112680321
1,13.16,-0.355779990888895
1,13.2075,-0.364337304759624
1,13.255,-0.373080408828434
1,13.3025,-0.382008721975675
1,13.35,-0.391122098209825
1,13.3975,-0.400421342211676
1,13.445,-0.409908892406633
1,13.4925,-0.419589685265718
1,13.54,-0.429472197364674
1,13.5875,-0.439569634670849
1,13.635,-0.449901201299619
1,13.6825,-0.460493335205543
1,13.73,-0.471380752842945
1,13.7775,-0.482607110521161
1,13.825,-0.494225082421261
1,13.8725,-0.506295689193126
1,13.92,-0.518886795114941
1,13.9675,-0.532070820539187
1,14.015,-0.545921866592358
1,14.0625,-0.56051258308526
1,14.11,-0.575911187451537
1,14.1575,-0.592179034318354
1,14.205,-0.609369039918376
1,14.2525,-0.627525109074706
1,14.3,-0.646682539117981
1,14.3475,-0.666869229711201
1,14.395,-0.688107440032454
1,14.4425,-0.710415812881946
1,14.49,-0.733811417559296
1,14.5375,-0.758311627974324
1,14.585,-0.783935726813346
1,14.6325,-0.810706193730308
1,14.68,-0.838649686373233
1,14.7275,-0.86779775539441
1,14.775,-0.89818735071088
1,14.8225,-0.929861180489353
1,14.87,-0.962867981167941
1,14.9175,-0.997262750104887
1,14.965,-1.03310698491122
1,15.0125,-1.07046896693773
1,15.06,-1.10942412175344
1,15.1075,-1.1500554873072
1,15.155,-1.19245432111145
1,15.2025,-1.23672088151187
1,15.25,-1.28296542532921
1,15.2975,-1.33130947559051
1,15.345,-1.38188742987701
1,15.3925,-1.43484860385818
1,15.44,-1.49035983873226
1,15.4875,-1.54860884998875
1,15.535,-1.60980856500586
1,15.5825,-1.67420279920971
1,15.63,-1.74207377183142
1,15.6775,-1.81375219007035
1,15.725,-1.88963097969339
1,15.7725,-1.97018428630309
1,15.82,-2.05599424448947
1,15.8675,-2.14778944051565
1,15.915,-2.24650139182628
1,15.9625,-2.35334950349193
1,16.01,-2.46997231279277
1,16.0575,-2.59863630583156
1,16.105,-2.74257905571529
1,16.1525,-2.90659288413289
1,16.2,-3.09805252928987
1,16.2475,-3.32877535251127
1,16.295,-3.61838184831384
1,16.3425,-3.99962699345751
1,16.39,-4.51981280196684
1,16.4375,-5.17611960210707
1,16.485,-5.47479923911229
1,16.5325,-4.40444696404975
1,16.58,-3.24754278382543
1,16.6275,-2.88762817205783
1,16.675,-2.90850328928199
1,16.7225,-3.05134215190312
1,16.77,-3.23134931246806
1,16.8175,-3.42272142240046
1,16.865,-3.61781826321486
1,16.9125,-3.81477666732072
1,16.96,-4.01361398126799
1,17.0075,-4.21493366919226
1,17.055,-4.41948383359021
1,17.1025,-4.62801389538827
1,17.15,-4.84124237334718
1,17.1975,-5.05987129860129
1,17.245,-5.28462809950292
1,17.2925,-5.51633663881401
1,17.34,-5.75603511791711
1,17.3875,-6.0051814164671
1,17.435,-6.26603142024109
1,17.4825,-6.54237603219967
1,17.53,-6.84106189856881
1,17.5775,-7.17532935514587
1,17.625,-7.57263281583344
1,17.6725,-8.09405365566457
1,17.72,-8.88269333033653
1,17.7675,-10.2530700527762
1,17.815,-12.4813322757398
1,17.8625,-13.8309680564752
1,17.91,-12.877299817767
1,17.9575,-11.925050739524
1,18.005,-11.4795337010118
1,18.0525,-11.3433309385469
1,18.1,-11.3715836716085
1,18.1475,-11.4881954521351
1,18.195,-11.6524154532547
1,18.2425,-11.8405720722958
1,18.29,-12.0375269597533
1,18.3375,-12.2326432454632
1,18.385,-12.4178318754637
1,18.4325,-12.5866017433115
1,18.48,-12.7336222958643
1,18.5275,-12.8545563732356
1,18.575,-12.9460303518092
1,18.6225,-13.0056594040281
1,18.67,-13.032073015812
1,18.7175,-13.0249052678958
1,18.765,-12.9847316925838
1,18.8125,-12.912950527408
1,18.86,-12.8116192481423
1,18.9075,-12.6832654271757
1,18.955,-12.5306934084888
1,19.0025,-12.3568057648879
1,19.05,-12.1644528802955
1,19.0975,-11.9563174309819
1,19.145,-11.7348347233472
1,19.1925,-11.5021456971133
1,19.24,-11.2600771040455
1,19.2875,-11.010142630173
1,19.335,-10.7535590549668
1,19.3825,-10.4912724515433
1,19.43,-10.223990552833
1,19.4775,-9.95221849654537
1,19.525,-9.6762960864196
1,19.5725,-9.3964354182173
1,19.62,-9.11275821376628
1,19.6675,-8.82533250701033
1,19.715,-8.53420846363429
1,19.7625,-8.23945312300123
1,19.81,-7.94118375867925
1,19.8575,-7.63959939048297
1,19.905,-7.3350097743744
1,19.9525,-7.02786097471859
1,20,-6.71875641575229
1.5,1,-0.000654503405338154
1.5,1.0475,-0.000750557404643139
1.5,1.095,-0.00084892211285639
1.5,1.1425,-0.000949386717305475
1.5,1.19,-0.0010517449863628
1.5,1.2375,-0.00115579611585851
1.5,1.285,-0.001261345486129
1.5,1.3325,-0.00136820532936993
1.5,1.38,-0.00147619530832858
1.5,1.4275,-0.00158514300818483
1.5,1.475,-0.00169488434456461
1.5,1.5225,-0.00180526389125915
1.5,1.57,-0.00191613513058554
1.5,1.6175,-0.00202736063846363
1.5,1.665,-0.0021388121895506
1.5,1.7125,-0.00225037081742253
1.5,1.76,-0.00236192680818282
1.5,1.8075,-0.00247337964751202
1.5,1.855,-0.00258463792234993
1.5,1.9025,-0.00269561918291563
1.5,1.95,-0.00280624977018078
1.5,1.9975,-0.00291646461374391
1.5,2.045,-0.00302620700462374
1.5,2.0925,-0.0031354283474772
1.5,2.14,-0.00324408789612739
1.5,2.1875,-0.00335215247625371
1.5,2.235,-0.00345959619859153
1.5,2.2825,-0.00356640016576374
1.5,2.33,-0.00367255217555082
1.5,2.3775,-0.00377804642299823
1.5,2.425,-0.00388288320367661
1.5,2.4725,-0.00398706861989263
1.5,2.52,-0.00409061429157238
1.5,2.5675,-0.00419353707322289
1.5,2.615,-0.00429585877814254
1.5,2.6625,-0.00439760591084926
1.5,2.71,-0.00449880940858874
1.5,2.7575,-0.00459950439245484
1.5,2.805,-0.00469972992869613
1.5,2.8525,-0.00479952880044174
1.5,2.9,-0.00489894729013763
1.5,2.9475,-0.00499803497281297
1.5,2.995,-0.00509684452013176
1.5,3.0425,-0.00519543151520439
1.5,3.09,-0.00529385427808767
1.5,3.1375,-0.00539217370169664
1.5,3.185,-0.00549045309798338
1.5,3.2325,-0.00558875805404919
1.5,3.28,-0.00568715629794949
1.5,3.3275,-0.00578571757383577
1.5,3.375,-0.00588451352612019
1.5,3.4225,-0.00598361759228113
1.5,3.47,-0.00608310490400285
1.5,3.5175,-0.00618305219621539
1.5,3.565,-0.0062835377237681
1.5,3.6125,-0.00638464118527886
1.5,3.66,-0.00648644365388362
1.5,3.7075,-0.00658902751450322
1.5,3.755,-0.00669247640729735
1.5,3.8025,-0.00679687517697347
1.5,3.85,-0.0069023098276678
1.5,3.8975,-0.00700886748304006
1.5,3.945,-0.00711663635133963
1.5,3.9925,-0.00722570569515607
1.5,4.04,-0.00733616580555847
1.5,4.0875,-0.0074481079804381
1.5,4.135,-0.0075616245067393
1.5,4.1825,-0.0076768086464046
1.5,4.23,-0.00779375462583988
1.5,4.2775,-0.00791255762864029
1.5,4.325,-0.00803331379145146
1.5,4.3725,-0.00815612020274432
1.5,4.42,-0.00828107490438866
1.5,4.4675,-0.00840827689584618
1.5,4.515,-0.00853782614084505
1.5,4.5625,-0.00866982357642927
1.5,4.61,-0.00880437112419626
1.5,4.6575,-0.00894157170375052
1.5,4.705,-0.00908152924809591
1.5,4.7525,-0.00922434872103311
1.5,4.8,-0.00937013613636486
1.5,4.8475,-0.00951899857890611
1.5,4.895,-0.00967104422720333
1.5,4.9425,-0.00982638237786224
1.5,4.99,-0.00998512347152851
1.5,5.0375,-0.010147379120359
1.5,5.085,-0.0103132621370446
1.5,5.1325,-0.010482886565211
1.5,5.18,-0.0106563677113854
1.5,5.2275,-0.0108338221782161
1.5,5.275,-0.0110153678991969
1.5,5.3225,-0.0112011241746908
1.5,5.37,-0.0113912117093251
1.5,5.4175,-0.0115857526507309
1.5,5.465,-0.0117848706295909
1.5,5.5125,-0.0119886908010886
1.5,5.56,-0.0121973398876146
1.5,5.6075,-0.0124109462228701
1.5,5.655,-0.0126296397972905
1.5,5.7025,-0.0128535523048376
1.5,5.75,-0.0130828171911809
1.5,5.7975,-0.0133175697032438
1.5,5.845,-0.0135579469401734
1.5,5.8925,-0.0138040879057491
1.5,5.94,-0.0140561335622268
1.5,5.9875,-0.0143142268856927
1.5,6.035,-0.0145785129229061
1.5,6.0825,-0.0148491388496998
1.5,6.13,-0.0151262540309424
1.5,6.1775,-0.0154100100821397
1.5,6.225,-0.0157005609326516
1.5,6.2725,-0.0159980628906339
1.5,6.32,-0.0163026747096781
1.5,6.3675,-0.0166145576572629
1.5,6.415,-0.0169338755849847
1.5,6.4625,-0.0172607950007122
1.5,6.51,-0.0175954851425965
1.5,6.5575,-0.017938118055108
1.5,6.605,-0.0182888686670775
1.5,6.6525,-0.0186479148718103
1.5,6.7,-0.019015437609355
1.5,6.7475,-0.0193916209509481
1.5,6.795,-0.0197766521857684
1.5,6.8425,-0.0201707219099439
1.5,6.89,-0.0205740241180323
1.5,6.9375,-0.0209867562968957
1.5,6.985,-0.0214091195221444
1.5,7.0325,-0.0218413185571617
1.5,7.08,-0.0222835619548354
1.5,7.1275,-0.022736062162001
1.5,7.175,-0.0231990356267756
1.5,7.2225,-0.0236727029087642
1.5,7.27,-0.0241572887922965
1.5,7.3175,-0.0246530224027298
1.5,7.365,-0.0251601373259626
1.5,7.4125,-0.0256788717311867
1.5,7.46,-0.026209468497034
1.5,7.5075,-0.0267521753411581
1.5,7.555,-0.02730724495341
1.5,7.6025,-0.0278749351326724
1.5,7.65,-0.0284555089274587
1.5,7.6975,-0.0290492347804115
1.5,7.745,-0.0296563866767863
1.5,7.7925,-0.0302772442970621
1.5,7.84,-0.030912093173774
1.5,7.8875,-0.0315612248527201
1.5,7.935,-0.0322249370586114
1.5,7.9825,-0.0329035338653984
1.5,8.03,-0.0335973258712808
1.5,8.0775,-0.0343066303786375
1.5,8.125,-0.0350317715789932
1.5,8.1725,-0.0357730807431296
1.5,8.22,-0.0365308964165311
1.5,8.2675,-0.0373055646203218
1.5,8.315,-0.0380974390578502
1.5,8.3625,-0.0389068813270263
1.5,8.41,-0.0397342611387066
1.5,8.4575,-0.0405799565411588
1.5,8.505,-0.0414443541509184
1.5,8.5525,-0.0423278493901005
1.5,8.6,-0.0432308467304757
1.5,8.6475,-0.0441537599443992
1.5,8.695,-0.0450970123628919
1.5,8.7425,-0.0460610371410222
1.5,8.79,-0.0470462775308254
1.5,8.8375,-0.0480531871619975
1.5,8.885,-0.0490822303305892
1.5,8.9325,-0.0501338822959491
1.5,8.98,-0.0512086295861083
1.5,9.0275,-0.0523069703120122
1.5,9.075,-0.0534294144906719
1.5,9.1225,-0.0545764843777077
1.5,9.17,-0.0557487148094215
1.5,9.2175,-0.0569466535547903
1.5,9.265,-0.0581708616777022
1.5,9.3125,-0.0594219139096826
1.5,9.36,-0.0607003990335582
1.5,9.4075,-0.0620069202783432
1.5,9.455,-0.063342095725769
1.5,9.5025,-0.0647065587288246
1.5,9.55,-0.0661009583427397
1.5,9.5975,-0.0675259597688645
1.5,9.645,-0.0689822448118593
1.5,9.6925,-0.0704705123507509
1.5,9.74,-0.0719914788242907
1.5,9.7875,-0.073545878731231
1.5,9.835,-0.0751344651460874
1.5,9.8825,-0.0767580102509517
1.5,9.93,-0.0784173058840838
1.5,9.9775,-0.0801131641059636
1.5,10.025,-0.0818464177835141
1.5,10.0725,-0.0836179211933859
1.5,10.12,-0.0854285506450884
1.5,10.1675,-0.0872792051249606
1.5,10.215,-0.0891708069619624
1.5,10.2625,-0.091104302516386
1.5,10.31,-0.093080662892661
1.5,10.3575,-0.0951008846775365
1.5,10.405,-0.0971659907050509
1.5,10.4525,-0.0992770308497334
1.5,10.5,-0.101435082849814
1.5,10.5475,-0.103641253162098
1.5,10.595,-0.105896677850559
1.5,10.6425,-0.108202523510819
1.5,10.69,-0.110559988232808
1.5,10.7375,-0.11297030260423
1.5,10.785,-0.11543473075769
1.5,10.8325,-0.117954571464616
1.5,10.88,-0.120531159279342
1.5,10.9275,-0.123165865737246
1.5,10.975,-0.125860100611002
1.5,11.0225,-0.128615313229651
1.5,11.07,-0.131432993865479
1.5,11.1175,-0.134314675194318
1.5,11.165,-0.137261933835457
1.5,11.2125,-0.140276391977985
1.5,11.26,-0.143359719101014
1.5,11.3075,-0.146513633796194
1.5,11.355,-0.149739905701586
1.5,11.4025,-0.153040357557083
1.5,11.45,-0.156416867392506
1.5,11.4975,-0.159871370860714
1.5,11.545,-0.16340586372932
1.5,11.5925,-0.167022404545981
1.5,11.64,-0.170723117493823
1.5,11.6875,-0.174510195455147
1.5,11.735,-0.178385903303446
1.5,11.7825,-0.182352581445788
1.5,11.83,-0.186412649639728
1.5,11.8775,-0.190568611111339
1.5,11.925,-0.194823057003498
1.5,11.9725,-0.199178671186355
1.5,12.02,-0.20363823546493
1.5,12.0675,-0.20820463522199
1.5,12.115,-0.212880865537894
1.5,12.1625,-0.217670037832722
1.5,12.21,-0.222575387080102
1.5,12.2575,-0.227600279646253
1.5,12.305,-0.232748221812264
1.5,12.3525,-0.238022869042299
1.5,12.4,-0.243428036065361
1.5,12.4475,-0.248967707843264
1.5,12.495,-0.254646051502756
1.5,12.5425,-0.260467429315101
1.5,12.59,-0.266436412811815
1.5,12.6375,-0.272557798130688
1.5,12.685,-0.278836622691583
1.5,12.7325,-0.28527818330617
1.5,12.78,-0.291888055833407
1.5,12.8275,-0.298672116488572
1.5,12.875,-0.30563656493258
1.5,12.9225,-0.312787949254307
1.5,12.97,-0.320133192973228
1.5,13.0175,-0.327679624185056
1.5,13.065,-0.335435006974169
1.5,13.1125,-0.343407575214399
1.5,13.16,-0.351606068875963
1.5,13.2075,-0.36003977295039
1.5,13.255,-0.368718559096901
1.5,13.3025,-0.377652930102938
1.5,13.35,-0.386854067237753
1.5,13.3975,-0.396333880561541
1.5,13.445,-0.4061050622328
1.5,13.4925,-0.41618114283425
1.5,13.54,-0.426576550711916
1.5,13.5875,-0.43730667429401
1.5,13.635,-0.44838792732579
1.5,13.6825,-0.459837816924638
1.5,13.73,-0.471675014326808
1.5,13.7775,-0.483919428164964
1.5,13.825,-0.496592280084699
1.5,13.8725,-0.50971618248117
1.5,13.92,-0.523315218114705
1.5,13.9675,-0.537415021350235
1.5,14.015,-0.552042860761293
1.5,14.0625,-0.56722772284897
1.5,14.11,-0.583000396652105
1.5,14.1575,-0.599393559071455
1.5,14.205,-0.616441860800714
1.5,14.2525,-0.634182012855887
1.5,14.3,-0.65265287382503
1.5,14.3475,-0.671895538128407
1.5,14.395,-0.691953425788348
1.5,14.4425,-0.712872374464769
1.5,14.49,-0.734700734821659
1.5,14.5375,-0.757489470659175
1.5,14.585,-0.781292265683143
1.5,14.6325,-0.806165639299816
1.5,14.68,-0.832169074431837
1.5,14.7275,-0.859365161069978
1.5,14.775,-0.887819760129203
1.5,14.8225,-0.917602193200276
1.5,14.87,-0.948785465026065
1.5,14.9175,-0.981446527048127
1.5,14.965,-1.01566659225156
1.5,15.0125,-1.05153151390427
1.5,15.06,-1.08913224380689
1.5,15.1075,-1.1285653895714
1.5,15.155,-1.1699338955488
1.5,15.2025,-1.21334787877901
1.5,15.25,-1.25892566037046
1.5,15.2975,-1.30679504493859
1.5,15.345,-1.35709491744109
1.5,15.3925,-1.40997724984693
1.5,15.44,-1.46560964237043
1.5,15.4875,-1.52417856970298
1.5,15.535,-1.58589356818168
1.5,15.5825,-1.65099269504174
1.5,15.63,-1.71974973136102
1.5,15.6775,-1.79248381092684
1.5,15.725,-1.86957247870591
1.5,15.7725,-1.95146968269736
1.5,15.82,-2.03873099737036
1.5,15.8675,-2.13204966776896
1.5,15.915,-2.23230921282963
1.5,15.9625,-2.34066200192294
1.5,16.01,-2.45864968136587
1.5,16.0575,-2.5883930302759
1.5,16.105,-2.73290063237985
1.5,16.1525,-2.89658739014794
1.5,16.2,-3.0861741728033
1.5,16.2475,-3.31228882597771
1.5,16.295,-3.59230669261861
1.5,16.3425,-3.95482047972183
1.5,16.39,-4.4415592140245
1.5,16.4375,-5.06350559099419
1.5,16.485,-5.47466158368639
1.5,16.5325,-4.66461053152426
1.5,16.58,-3.42428051204406
1.5,16.6275,-2.94910011085417
1.5,16.675,-2.92776607466231
1.5,16.7225,-3.05953274772628
1.5,16.77,-3.23845928026707
1.5,16.8175,-3.43172479192532
1.5,16.865,-3.62941534899801
1.5,16.9125,-3.82892401775532
1.5,16.96,-4.03004509582669
1.5,17.0075,-4.2333516547255
1.5,17.055,-4.43964466457556
1.5,17.1025,-4.64977656219347
1.5,17.15,-4.8646166093327
1.5,17.1975,-5.08507966991318
1.5,17.245,-5.3121976260288
1.5,17.2925,-5.54724070121405
1.5,17.34,-5.7919198980075
1.5,17.3875,-6.04873763030902
1.5,17.435,-6.32162304311254
1.5,17.4825,-6.61713485066733
1.5,17.53,-6.94683211923796
1.5,17.5775,-7.33208780890012
1.5,17.625,-7.81381521393862
1.5,17.6725,-8.46966191681096
1.5,17.72,-9.42280253428669
1.5,17.7675,-10.6812672691423
1.5,17.815,-17.7020380491636
1.5,17.8625,-12.856027869175
1.5,17.91,-12.0364798424553
1.5,17.9575,-11.5112102066645
1.5,18.005,-11.2728349295826
1.5,18.0525,-11.2243610815378
1.5,18.1,-11.2903212587193
1.5,18.1475,-11.4242834897581
1.5,18.195,-11.5980154463012
1.5,18.2425,-11.7934454388041
1.5,18.29,-11.9981107797016
1.5,18.3375,-12.2027061725368
1.5,18.385,-12.3997773055191
1.5,18.4325,-12.58304297547
1.5,18.48,-12.7470752752604
1.5,18.5275,-12.8871904232908
1.5,18.575,-12.999461471345
1.5,18.6225,-13.0807914392711
1.5,18.67,-13.1289992287522
1.5,18.7175,-13.1428807495784
1.5,18.765,-13.1222189111142
1.5,18.8125,-13.0677296645945
1.5,18.86,-12.9809455890113
1.5,18.9075,-12.8640507288689
1.5,18.955,-12.7196879472066
1.5,19.0025,-12.5507618879384
1.5,19.05,-12.3602574824927
1.5,19.0975,-12.1510877460075
1.5,19.145,-11.9259776221454
1.5,19.1925,-11.6873845835764
1.5,19.24,-11.4374524719707
1.5,19.2875,-11.1779928004577
1.5,19.335,-10.9104870979007
1.5,19.3825,-10.6361043172111
1.5,19.43,-10.3557283563185
1.5,19.4775,-10.069991960401
1.5,19.525,-9.77931444601533
1.5,19.5725,-9.48394167917199
1.5,19.62,-9.18398750024117
1.5,19.6675,-8.87947631234927
1.5,19.715,-8.5703868504992
1.5,19.7625,-8.25669724468429
1.5,19.81,-7.93843139799498
1.5,19.8575,-7.6157064324533
1.5,19.905,-7.28878052206618
1.5,19.9525,-6.95809984968886
1.5,20,-6.62434271936474
3,1,-0.000663957303484773
3,1.0475,-0.000706921448798179
3,1.095,-0.000751841539601028
3,1.1425,-0.000798712454354512
3,1.19,-0.000847528841073578
3,1.2375,-0.000898285117146654
3,1.285,-0.000950975469263603
3,1.3325,-0.00100559385333426
3,1.38,-0.00106213399457211
3,1.4275,-0.00112058938758015
3,1.475,-0.00118095329660002
3,1.5225,-0.00124321875582592
3,1.57,-0.00130737856985492
3,1.6175,-0.00137342531427633
3,1.665,-0.00144135133640419
3,1.7125,-0.00151114875616918
3,1.76,-0.00158280946721055
3,1.8075,-0.00165632513811883
3,1.855,-0.00173168721395866
3,1.9025,-0.00180888691797531
3,1.95,-0.00188791525357839
3,1.9975,-0.00196876300657492
3,2.045,-0.00205142074777038
3,2.0925,-0.00213587883578154
3,2.14,-0.00222212742031284
3,2.1875,-0.00231015644572853
3,2.235,-0.00239995565507982
3,2.2825,-0.00249151459451667
3,2.33,-0.00258482261821437
3,2.3775,-0.00267986889376411
3,2.425,-0.0027766424081286
3,2.4725,-0.0028751319741515
3,2.52,-0.00297532623765137
3,2.5675,-0.00307721368524806
3,2.615,-0.00318078265278247
3,2.6625,-0.00328602133457119
3,2.71,-0.00339291779337148
3,2.7575,-0.00350145997124977
3,2.805,-0.0036116357012997
3,2.8525,-0.00372343272030449
3,2.9,-0.00383683868244683
3,2.9475,-0.00395184117402704
3,2.995,-0.00406842772932463
3,3.0425,-0.00418658584767874
3,3.09,-0.00430630301179148
3,3.1375,-0.00442756670736429
3,3.185,-0.00455036444415158
3,3.2325,-0.00467468377848385
3,3.28,-0.00480051233734165
3,3.3275,-0.00492783784407797
3,3.375,-0.00505664814584351
3,3.4225,-0.00518693124285194
3,3.47,-0.00531867531950291
3,3.5175,-0.00545186877750973
3,3.565,-0.0055865002711315
3,3.6125,-0.00572255874452727
3,3.66,-0.00586003347144304
3,3.7075,-0.0059989140972127
3,3.755,-0.00613919068326326
3,3.8025,-0.0062808537541886
3,3.85,-0.00642389434747712
3,3.8975,-0.00656830406599775
3,3.945,-0.00671407513338505
3,3.9925,-0.00686120045235064
3,4.04,-0.00700967366606245
3,4.0875,-0.00715948922266971
3,4.135,-0.00731064244304059
3,4.1825,-0.00746312959180104
3,4.23,-0.00761694795178741
3,4.2775,-0.00777209590186516
3,4.325,-0.00792857299829202
3,4.3725,-0.00808638005954405
3,4.42,-0.00824551925472625
3,4.4675,-0.00840599419547939
3,4.515,-0.00856781003142443
3,4.5625,-0.00873097354904993
3,4.61,-0.00889549327401297
3,4.6575,-0.00906137957666941
3,4.705,-0.0092286447807868
3,4.7525,-0.00939730327510976
3,4.8,-0.00956737162763381
3,4.8475,-0.00973886870222279
3,4.895,-0.00991181577717174
3,4.9425,-0.0100862366653089
3,4.99,-0.0102621578349842
3,5.0375,-0.0104396085313339
3,5.085,-0.0106186208970382
3,5.1325,-0.010799230091556
3,5.18,-0.0109814744077771
3,5.2275,-0.0111653953847413
3,5.275,-0.0113510379149304
3,5.3225,-0.0115384503442372
3,5.37,-0.0117276845624976
3,5.4175,-0.011918796082143
3,5.465,-0.0121118441018551
3,5.5125,-0.0123068915518584
3,5.56,-0.0125040051166585
3,5.6075,-0.0127032552303147
3,5.655,-0.0129047160384532
3,5.7025,-0.0131084653200732
3,5.75,-0.0133145843608485
3,5.7975,-0.0135231577679928
3,5.845,-0.0137342732146189
3,5.8925,-0.0139480210991704
3,5.94,-0.0141644941021219
3,5.9875,-0.0143837866183799
3,6.035,-0.0146059940388006
3,6.0825,-0.0148312118478583
3,6.13,-0.0150595344965765
3,6.1775,-0.0152910539993988
3,6.225,-0.0155258581903808
3,6.2725,-0.0157640285565449
3,6.32,-0.0160056375434111
3,6.3675,-0.0162507451971865
3,6.415,-0.0164993949675538
3,6.4625,-0.0167516084399948
3,6.51,-0.0170073786917933
3,6.5575,-0.0172666618626795
3,6.605,-0.017529366387356
3,6.6525,-0.0177953391342941
3,6.7,-0.0180643474055706
3,6.7475,-0.0183360553326559
3,6.795,-0.0186099925858988
3,6.8425,-0.0188855123935424
3,6.89,-0.0191617344652634
3,6.9375,-0.0194374662486198
3,6.985,-0.019711092531683
3,7.0325,-0.0199804179169708
3,7.08,-0.0202424377032637
3,7.1275,-0.0204929977400496
3,7.175,-0.0207262786244325
3,7.2225,-0.020933997513981
3,7.27,-0.0211041544688536
3,7.3175,-0.0212190701070793
3,7.365,-0.0212525143205008
3,7.4125,-0.0211669386667438
3,7.46,-0.0209214041832723
3,7.5075,-0.02058065584683
3,7.555,-0.0215658617706452
3,7.6025,-0.0509097733988949
3,7.65,-0.0809933878177909
3,7.6975,-0.0486279219788597
3,7.745,-0.0405296842039249
3,7.7925,-0.0376032440026954
3,7.84,-0.0363886115717304
3,7.8875,-0.035937321679936
3,7.935,-0.0358976655503713
3,7.9825,-0.036112524552529
3,8.03,-0.0365027660357114
3,8.0775,-0.037025423797891
3,8.125,-0.037656317724107
3,8.1725,-0.0383820375775728
3,8.22,-0.0391959853269201
3,8.2675,-0.0400963740128055
3,8.315,-0.0410852799016583
3,8.3625,-0.0421683485358046
3,8.41,-0.0433549971287368
3,8.4575,-0.0446590988759678
3,8.505,-0.0461002537220352
3,8.5525,-0.0477058949223116
3,8.6,-0.0495147100359956
3,8.6475,-0.051582272243529
3,8.695,-0.0539906023923108
3,8.7425,-0.0568651258800305
3,8.79,-0.0604064476053383
3,8.8375,-0.0649541303869339
3,8.885,-0.0711262744911491
3,8.9325,-0.0801610089073172
3,8.98,-0.0948862796525813
3,9.0275,-0.123118321316337
3,9.075,-0.194063104419418
3,9.1225,-0.49113809383903
3,9.17,-1.34057748806464
3,9.2175,-0.255404407074677
3,9.265,-0.117113256889369
3,9.3125,-0.10072980143831
3,9.36,-0.12871020003152
3,9.4075,-0.283423148793951
3,9.455,-1.09752656871685
3,9.5025,-0.288289472181125
3,9.55,-0.124992730904065
3,9.5975,-0.0891463979195988
3,9.645,-0.0771239880274547
3,9.6925,-0.0724104775852711
3,9.74,-0.0706566252745629
3,9.7875,-0.0703317956018123
3,9.835,-0.0707883592603916
3,9.8825,-0.0717153439368783
3,9.93,-0.07294916285908
3,9.9775,-0.0743977420809765
3,10.025,-0.0760065867281364
3,10.0725,-0.0777422557244268
3,10.12,-0.079583749048271
3,10.1675,-0.0815177653392209
3,10.215,-0.0835359714510493
3,10.2625,-0.0856333734251688
3,10.31,-0.0878073184383523
3,10.3575,-0.090056873657663
3,10.405,-0.0923824397890642
3,10.4525,-0.0947855176219635
3,10.5,-0.0972685801103006
3,10.5475,-0.0998350228980707
3,10.595,-0.10248917914489
3,10.6425,-0.105236393595573
3,10.69,-0.10808315821348
3,10.7375,-0.111037318868784
3,10.785,-0.114108370878632
3,10.8325,-0.11730787217212
3,10.88,-0.12065001865441
3,10.9275,-0.124152450359352
3,10.975,-0.127837394909354
3,11.0225,-0.131733316653981
3,11.07,-0.135877343870005
3,11.1175,-0.140318927016968
3,11.165,-0.145125505878232
3,11.2125,-0.150391571102283
3,11.26,-0.156253694567575
3,11.3075,-0.162916552264826
3,11.355,-0.170700322359173
3,11.4025,-0.180132432182977
3,11.45,-0.192138855110734
3,11.4975,-0.208481756690194
3,11.545,-0.232887061528312
3,11.5925,-0.274441597982086
3,11.64,-0.360210418442169
3,11.6875,-0.595025082549538
3,11.735,-1.28920187966969
3,11.7825,-0.816484055851903
3,11.83,-0.345723198646791
3,11.8775,-0.23821478785089
3,11.925,-0.207599066001122
3,11.9725,-0.198425005000133
3,12.02,-0.197020941768197
3,12.0675,-0.198993714721899
3,12.115,-0.202648584604048
3,12.1625,-0.207243117846597
3,12.21,-0.212421305025707
3,12.2575,-0.218001185735716
3,12.305,-0.223885774768665
3,12.3525,-0.230022318417218
3,12.4,-0.236382319642576
3,12.4475,-0.242951175863075
3,12.495,-0.249722545863414
3,12.5425,-0.256695164910071
3,12.59,-0.263870982976393
3,12.6375,-0.271254044667808
3,12.685,-0.278849798092858
3,12.7325,-0.286664658458009
3,12.78,-0.294705726309757
3,12.8275,-0.302980601349813
3,12.875,-0.311497256108785
3,12.9225,-0.320263947397519
3,12.97,-0.329289151641116
3,13.0175,-0.338581515194892
3,13.065,-0.348149813877899
3,13.1125,-0.358002917967132
3,13.16,-0.368149760219675
3,13.2075,-0.378599305393801
3,13.255,-0.389360520386346
3,13.3025,-0.400442344593872
3,13.35,-0.411853660504486
3,13.3975,-0.423603264876437
3,13.445,-0.435699841186135
3,13.4925,-0.448151934347809
3,13.54,-0.460967929028627
3,13.5875,-0.474156033209085
3,13.635,-0.487724268966716
3,13.6825,-0.501680472782909
3,13.73,-0.516032307975524
3,13.7775,-0.530787292126458
3,13.825,-0.545952842580131
3,13.8725,-0.561536343210708
3,13.92,-0.577545235663435
3,13.9675,-0.593987138138987
3,14.015,-0.610869994482019
3,14.0625,-0.628202255833411
3,14.11,-0.645993096397029
3,14.1575,-0.66425266395682
3,14.205,-0.682992364676531
3,14.2525,-0.702225180462368
3,14.3,-0.721966015829821
3,14.3475,-0.742232069876217
3,14.395,-0.76304322772475
3,14.4425,-0.784422464793901
3,14.49,-0.806396256582561
3,14.5375,-0.828994986465373
3,14.585,-0.85225334436527
3,14.6325,-0.876210710184367
3,14.68,-0.900911517563366
3,14.7275,-0.926405595898635
3,14.775,-0.952748491527918
3,14.8225,-0.980001772526222
3,14.87,-1.00823332554468
3,14.9175,-1.03751765749931
3,14.965,-1.06793621963508
3,15.0125,-1.0995777765841
3,15.06,-1.13253884864317
3,15.1075,-1.16692426189678
3,15.155,-1.20284784848347
3,15.2025,-1.24043334897687
3,15.25,-1.27981558160586
3,15.2975,-1.32114196043247
3,15.345,-1.36457446890712
3,15.3925,-1.4102922297475
3,15.44,-1.45849486178673
3,15.4875,-1.50940688681844
3,15.535,-1.56328355617145
3,15.5825,-1.62041862619136
3,15.63,-1.6811548537509
3,15.6775,-1.74589835652291
3,15.725,-1.81513857117046
3,15.7725,-1.88947648998764
3,15.82,-1.96966541965959
3,15.8675,-2.05667115587312
3,15.915,-2.15176309733279
3,15.9625,-2.25665618469229
3,16.01,-2.37373921703046
3,16.0575,-2.5064556590605
3,16.105,-2.65996531404792
3,16.1525,-2.8423479291481
3,16.2,-3.06690448174634
3,16.2475,-3.3567793402008
3,16.295,-3.75453183119903
3,16.3425,-4.34059812710586
3,16.39,-5.24469578816393
3,16.4375,-6.37322072408559
3,16.485,-6.05719400875826
3,16.5325,-4.15863610042982
3,16.58,-3.14587777654253
3,16.6275,-2.86540592146663
3,16.675,-2.86355339401144
3,16.7225,-2.96286883019692
3,16.77,-3.1023694602816
3,16.8175,-3.2601168635507
3,16.865,-3.42779792418711
3,16.9125,-3.60222723575168
3,16.96,-3.78228059770294
3,17.0075,-3.96770094430751
3,17.055,-4.15860335047921
3,17.1025,-4.35526068911751
3,17.15,-4.55800992087273
3,17.1975,-4.76721498650392
3,17.245,-4.98326161251948
3,17.2925,-5.20657888752755
3,17.34,-5.43769776574607
3,17.3875,-5.67737891125464
3,17.435,-5.92688961596753
3,17.4825,-6.18862772544812
3,17.53,-6.46761693077735
3,17.5775,-6.77539252559906
3,17.625,-7.14118053098142
3,17.6725,-7.6481762065894
3,17.72,-8.56475152122939
3,17.7675,-10.7630350005979
3,17.815,-14.7154412886754
3,17.8625,-13.8166306087456
3,17.91,-12.0943276025715
3,17.9575,-11.4414104559569
3,18.005,-11.2814783691897
3,18.0525,-11.3438995572952
3,18.1,-11.5171919880958
3,18.1475,-11.7493055196568
3,18.195,-12.0120195059623
3,18.2425,-12.2874892971074
3,18.29,-12.5626538181294
3,18.3375,-12.8267546431409
3,18.385,-13.0702542817249
3,18.4325,-13.2844773016023
3,18.48,-13.4616701643269
3,18.5275,-13.5953035729917
3,18.575,-13.6804745738895
3,18.6225,-13.7142720791959
3,18.67,-13.6959863312449
3,18.7175,-13.6270865874814
3,18.765,-13.5109565289818
3,18.8125,-13.3524416474999
3,18.86,-13.1573033292446
3,18.9075,-12.9316795327213
3,18.955,-12.6816280211125
3,19.0025,-12.4127913162124
3,19.05,-12.1301885547309
3,19.0975,-11.8381168355925
3,19.145,-11.5401346107207
3,19.1925,-11.2390990178428
3,19.24,-10.9372335429151
3,19.2875,-10.6362086253495
3,19.335,-10.337223743495
3,19.3825,-10.0410842547871
3,19.43,-9.74826964793305
3,19.4775,-9.45899207323759
3,19.525,-9.17324534096701
3,19.5725,-8.89084529513864
3,19.62,-8.61146280406935
3,19.6675,-8.33465071974981
3,19.715,-8.05986615294487
3,19.7625,-7.78648935748427
3,19.81,-7.51384045547191
3,19.8575,-7.24119518653019
3,19.905,-6.96780083763822
3,19.9525,-6.69289350560151
3,20,-6.41571785424318
